STN---;WBAN ; YEARMODA;   TEMP;  ;   DEWP;  ;  SLP  ;  ;  STP  ;  ; VISIB;  ;  WDSP;  ; MXSPD;  GUST;   MAX  ;  MIN  ;PRCP  ;SNDP ; FRSHTT;Country
24840;99999;20170101;38.9;24;35.3;24;1001.0;24;995.7;24;999.9;0;999.9;0;999.9;999.9;48.6;32.5*;0.00I;999.9;0;se
24840;99999;20170102;29.6;24;24.0;24;1005.4;24;999.9;24;999.9;0;999.9;0;999.9;999.9;33.8;24.8*;0.00I;999.9;0;se
24840;99999;20170103;26.8;24;23.5;24;996.7;24;991.2;24;999.9;0;999.9;0;999.9;999.9;32.0*;22.1;0.00I;999.9;0;se
24840;99999;20170104;23.6;24;20.0;24;1001.1;24;995.6;24;999.9;0;999.9;0;999.9;999.9;32.0;12.9*;0.00I;999.9;0;se
24840;99999;20170105;12.9;24;10.3;24;1031.4;24;1025.7;24;999.9;0;999.9;0;999.9;999.9;19.6;7.5*;0.00I;999.9;0;se
24840;99999;20170106;15.3;24;11.2;24;1035.0;24;1029.2;24;999.9;0;999.9;0;999.9;999.9;22.3*;7.3;0.00I;999.9;0;se
24840;99999;20170107;25.0;24;24.3;24;1021.0;24;1015.4;24;999.9;0;999.9;0;999.9;999.9;28.8;20.3;0.00I;999.9;0;se
24840;99999;20170108;25.0;24;24.3;24;1022.5;24;1016.9;24;999.9;0;999.9;0;999.9;999.9;33.1*;20.1;0.00I;999.9;0;se
24840;99999;20170109;34.8;24;34.5;24;1015.0;24;1009.5;24;999.9;0;999.9;0;999.9;999.9;37.9;29.7;0.00I;999.9;0;se
24840;99999;20170110;34.9;24;30.8;24;1009.8;24;1004.3;24;999.9;0;999.9;0;999.9;999.9;37.9;33.3*;0.00I;999.9;0;se
24840;99999;20170111;34.5;24;31.3;24;990.7;24;985.4;24;999.9;0;999.9;0;999.9;999.9;36.1;32.0;0.00I;999.9;0;se
24840;99999;20170112;35.9;24;32.5;24;978.4;24;973.1;24;999.9;0;999.9;0;999.9;999.9;37.0;32.2;0.00I;999.9;0;se
24840;99999;20170113;33.9;24;30.4;24;986.0;24;980.7;24;999.9;0;999.9;0;999.9;999.9;36.3;30.4*;0.00I;999.9;0;se
24840;99999;20170114;29.3;24;25.7;24;995.8;24;990.4;24;999.9;0;999.9;0;999.9;999.9;33.3;25.2;0.00I;999.9;0;se
24840;99999;20170115;26.6;24;21.7;24;1010.7;24;1005.2;24;999.9;0;999.9;0;999.9;999.9;30.0;23.9;0.00I;999.9;0;se
24840;99999;20170116;27.6;24;24.1;24;1023.7;24;1018.1;24;999.9;0;999.9;0;999.9;999.9;30.7;23.5;0.00I;999.9;0;se
24840;99999;20170117;27.6;24;24.5;24;1030.4;24;1024.8;24;999.9;0;999.9;0;999.9;999.9;32.5*;22.8;0.00I;999.9;0;se
24840;99999;20170118;35.5;22;34.9;22;1025.3;22;1019.8;22;999.9;0;999.9;0;999.9;999.9;40.1*;30.4;0.00I;999.9;0;se
24840;99999;20170119;39.5;24;37.0;24;1021.0;24;1015.6;24;999.9;0;999.9;0;999.9;999.9;42.3;37.0;0.00I;999.9;0;se
24840;99999;20170120;38.9;24;35.2;24;1020.5;24;1015.0;24;999.9;0;999.9;0;999.9;999.9;43.2;35.8;0.00I;999.9;0;se
24840;99999;20170121;36.6;24;33.1;24;1025.7;24;1020.2;24;999.9;0;999.9;0;999.9;999.9;41.7;33.4;0.00I;999.9;0;se
24840;99999;20170122;33.9;24;32.9;24;1021.6;24;1016.1;24;999.9;0;999.9;0;999.9;999.9;38.1;31.1;0.00I;999.9;0;se
24840;99999;20170123;36.0;24;31.8;24;1013.4;24;1008.0;24;999.9;0;999.9;0;999.9;999.9;37.9;31.8*;0.00I;999.9;0;se
24840;99999;20170124;32.0;24;28.3;24;1021.1;24;1015.6;24;999.9;0;999.9;0;999.9;999.9;34.0;30.0;0.00I;999.9;0;se
24840;99999;20170125;34.5;24;33.4;24;1024.6;24;1019.0;24;999.9;0;999.9;0;999.9;999.9;39.9*;30.4;0.00I;999.9;0;se
24840;99999;20170126;39.2;24;35.4;24;1022.3;24;1016.8;24;999.9;0;999.9;0;999.9;999.9;40.5;35.8*;0.00I;999.9;0;se
24840;99999;20170127;31.9;24;30.0;24;1023.3;24;1017.7;24;999.9;0;999.9;0;999.9;999.9;38.7;29.8*;0.00I;999.9;0;se
24840;99999;20170128;29.4;24;28.1;24;1021.9;24;1016.3;24;999.9;0;999.9;0;999.9;999.9;32.2;27.1;0.00I;999.9;0;se
24840;99999;20170129;33.0;24;29.0;24;1015.4;24;1009.9;24;999.9;0;999.9;0;999.9;999.9;35.8;27.1;0.00I;999.9;0;se
24840;99999;20170130;36.6;24;32.2;24;1016.0;24;1010.5;24;999.9;0;999.9;0;999.9;999.9;39.7;32.2;0.00I;999.9;0;se
24840;99999;20170131;35.0;24;31.3;24;1022.9;24;1017.4;24;999.9;0;999.9;0;999.9;999.9;38.7;32.2*;0.00I;999.9;0;se
24840;99999;20170201;31.8;24;27.2;24;1022.2;24;1016.7;24;999.9;0;999.9;0;999.9;999.9;35.2;30.4*;0.00I;999.9;0;se
24840;99999;20170202;31.8;24;28.7;24;1016.6;24;1011.1;24;999.9;0;999.9;0;999.9;999.9;33.6;29.1;0.00I;999.9;0;se
24840;99999;20170203;32.3;24;30.1;24;1011.8;24;1006.3;24;999.9;0;999.9;0;999.9;999.9;34.5*;31.1;0.00I;999.9;0;se
24840;99999;20170204;34.4;24;31.6;24;1012.3;24;1006.8;24;999.9;0;999.9;0;999.9;999.9;36.1;32.2*;0.00I;999.9;0;se
24840;99999;20170205;32.7;24;29.6;24;1018.1;24;1012.6;24;999.9;0;999.9;0;999.9;999.9;34.2;31.6;0.00I;999.9;0;se
24840;99999;20170206;28.2;24;20.3;24;1032.6;24;1027.0;24;999.9;0;999.9;0;999.9;999.9;33.6;24.4*;0.00I;999.9;0;se
24840;99999;20170207;23.9;24;9.3;24;1040.8;24;1035.1;24;999.9;0;999.9;0;999.9;999.9;27.1;23.0;0.00I;999.9;0;se
24840;99999;20170208;25.5;24;15.5;24;1045.0;24;1039.3;24;999.9;0;999.9;0;999.9;999.9;29.1;23.2*;0.00I;999.9;0;se
24840;99999;20170209;25.8;24;18.7;24;1043.3;24;1037.6;24;999.9;0;999.9;0;999.9;999.9;29.5;22.3;0.00I;999.9;0;se
24840;99999;20170210;28.4;24;21.9;24;1043.7;24;1038.0;24;999.9;0;999.9;0;999.9;999.9;32.0;25.5*;0.00I;999.9;0;se
24840;99999;20170211;27.2;24;21.9;24;1043.0;24;1037.3;24;999.9;0;999.9;0;999.9;999.9;31.1;24.1;0.00I;999.9;0;se
24840;99999;20170212;28.0;24;21.4;24;1040.9;24;1035.2;24;999.9;0;999.9;0;999.9;999.9;32.0;23.7;0.00I;999.9;0;se
24840;99999;20170213;31.4;24;23.0;24;1033.1;24;1027.5;24;999.9;0;999.9;0;999.9;999.9;36.3;27.7;0.00I;999.9;0;se
24840;99999;20170214;36.1;24;27.5;24;1032.6;24;1027.0;24;999.9;0;999.9;0;999.9;999.9;43.7;29.7;0.00I;999.9;0;se
24840;99999;20170215;36.4;24;21.2;24;1030.3;24;1024.8;24;999.9;0;999.9;0;999.9;999.9;44.6;30.7;0.00I;999.9;0;se
24840;99999;20170216;35.0;24;26.4;24;1016.6;24;1011.1;24;999.9;0;999.9;0;999.9;999.9;39.4;29.1;0.00I;999.9;0;se
24840;99999;20170217;37.0;24;32.5;24;1011.8;24;1006.4;24;999.9;0;999.9;0;999.9;999.9;42.4;33.8*;0.00I;999.9;0;se
24840;99999;20170218;35.1;24;29.3;24;1012.9;24;1007.4;24;999.9;0;999.9;0;999.9;999.9;43.9;28.2;0.00I;999.9;0;se
24840;99999;20170219;41.6;24;37.6;24;1000.0;24;994.7;24;999.9;0;999.9;0;999.9;999.9;44.8;35.2;0.00I;999.9;0;se
24840;99999;20170220;39.9;24;38.1;24;989.1;24;983.8;24;999.9;0;999.9;0;999.9;999.9;43.0;35.6*;0.00I;999.9;0;se
24840;99999;20170221;31.2;24;27.5;24;993.0;24;987.6;24;999.9;0;999.9;0;999.9;999.9;40.8;27.5*;0.00I;999.9;0;se
24840;99999;20170222;33.5;24;31.9;24;978.6;24;973.3;24;999.9;0;999.9;0;999.9;999.9;37.2;27.0;0.00I;999.9;0;se
24840;99999;20170223;31.0;24;20.4;24;980.9;24;975.6;24;999.9;0;999.9;0;999.9;999.9;37.4;27.5*;0.00I;999.9;0;se
24840;99999;20170224;27.7;24;15.3;24;992.1;24;986.7;24;999.9;0;999.9;0;999.9;999.9;32.7;21.6;0.00I;999.9;0;se
24840;99999;20170225;29.6;24;17.5;24;1003.9;24;998.5;24;999.9;0;999.9;0;999.9;999.9;33.6*;24.6;0.00I;999.9;0;se
24840;99999;20170226;32.1;24;29.6;24;996.7;24;991.3;24;999.9;0;999.9;0;999.9;999.9;34.0;30.2*;0.00I;999.9;0;se
24840;99999;20170227;35.7;24;33.6;24;999.1;24;993.7;24;999.9;0;999.9;0;999.9;999.9;40.5;30.0;0.00I;999.9;0;se
24840;99999;20170228;38.9;24;36.5;24;988.3;24;983.0;24;999.9;0;999.9;0;999.9;999.9;40.8;37.6;0.00I;999.9;0;se
24840;99999;20170301;37.7;24;33.2;24;988.5;24;983.1;24;999.9;0;999.9;0;999.9;999.9;41.9;34.2;0.00I;999.9;0;se
24840;99999;20170302;37.6;24;31.5;24;993.7;24;988.4;24;999.9;0;999.9;0;999.9;999.9;41.7;35.6;0.00I;999.9;0;se
24840;99999;20170303;34.3;24;32.1;24;998.6;24;993.2;24;999.9;0;999.9;0;999.9;999.9;36.7;32.7*;0.00I;999.9;0;se
24840;99999;20170304;30.9;24;27.6;24;1007.4;24;1001.9;24;999.9;0;999.9;0;999.9;999.9;34.2;27.9*;0.00I;999.9;0;se
24840;99999;20170305;28.8;24;21.3;24;1013.4;24;1007.9;24;999.9;0;999.9;0;999.9;999.9;30.4;27.5;0.00I;999.9;0;se
24840;99999;20170306;29.0;24;17.7;24;1017.7;24;1012.2;24;999.9;0;999.9;0;999.9;999.9;32.0;27.1*;0.00I;999.9;0;se
24840;99999;20170307;27.5;24;24.8;24;1013.9;24;1008.4;24;999.9;0;999.9;0;999.9;999.9;30.2;24.6;0.00I;999.9;0;se
24840;99999;20170308;29.1;24;26.6;24;1012.7;24;1007.2;24;999.9;0;999.9;0;999.9;999.9;31.3;27.3;0.00I;999.9;0;se
24840;99999;20170309;35.7;24;34.1;24;1010.7;24;1005.3;24;999.9;0;999.9;0;999.9;999.9;38.1;28.0;0.00I;999.9;0;se
24840;99999;20170310;36.1;24;33.7;24;1014.4;24;1009.0;24;999.9;0;999.9;0;999.9;999.9;40.5;30.7*;0.00I;999.9;0;se
24840;99999;20170311;35.2;24;27.7;24;1024.0;24;1018.5;24;999.9;0;999.9;0;999.9;999.9;41.9;28.8;0.00I;999.9;0;se
24840;99999;20170312;38.7;24;27.7;24;1024.5;24;1019.0;24;999.9;0;999.9;0;999.9;999.9;45.5;32.0;0.00I;999.9;0;se
24840;99999;20170313;39.4;24;27.9;24;1022.7;24;1017.2;24;999.9;0;999.9;0;999.9;999.9;45.7;36.0;0.00I;999.9;0;se
24840;99999;20170314;41.9;24;34.2;24;1012.2;24;1006.8;24;999.9;0;999.9;0;999.9;999.9;46.4;36.0;0.00I;999.9;0;se
24840;99999;20170315;43.6;24;29.3;24;1004.1;24;998.8;24;999.9;0;999.9;0;999.9;999.9;49.8;39.2;0.00I;999.9;0;se
24840;99999;20170316;41.9;24;25.7;24;1009.5;24;1004.1;24;999.9;0;999.9;0;999.9;999.9;46.9;35.6;0.00I;999.9;0;se
24840;99999;20170317;43.0;24;32.4;24;990.9;24;985.6;24;999.9;0;999.9;0;999.9;999.9;47.5;39.0*;0.00I;999.9;0;se
24840;99999;20170318;37.7;24;28.1;24;991.3;24;986.0;24;999.9;0;999.9;0;999.9;999.9;46.0;32.2*;0.00I;999.9;0;se
24840;99999;20170319;34.2;24;19.8;24;1003.3;24;997.9;24;999.9;0;999.9;0;999.9;999.9;41.0;28.8;0.00I;999.9;0;se
24840;99999;20170320;34.4;24;30.2;24;1000.1;24;994.7;24;999.9;0;999.9;0;999.9;999.9;37.2;31.1;0.00I;999.9;0;se
24840;99999;20170321;40.3;24;33.7;24;991.9;24;986.6;24;999.9;0;999.9;0;999.9;999.9;48.4;32.7;0.00I;999.9;0;se
24840;99999;20170322;40.9;24;33.2;24;1004.0;24;998.6;24;999.9;0;999.9;0;999.9;999.9;47.3;34.9;0.00I;999.9;0;se
24840;99999;20170323;39.0;24;24.8;24;1019.6;24;1014.1;24;999.9;0;999.9;0;999.9;999.9;45.3;32.2;0.00I;999.9;0;se
24840;99999;20170324;39.4;24;20.0;24;1023.4;24;1017.9;24;999.9;0;999.9;0;999.9;999.9;46.0;30.2;0.00I;999.9;0;se
24840;99999;20170325;42.6;24;27.9;24;1019.6;24;1014.2;24;999.9;0;999.9;0;999.9;999.9;49.1;35.6;0.00I;999.9;0;se
24840;99999;20170326;50.6;24;33.4;24;1017.1;24;1011.7;24;999.9;0;999.9;0;999.9;999.9;63.3;38.8;0.00I;999.9;0;se
24840;99999;20170327;52.8;24;34.9;24;1014.2;24;1009.0;24;999.9;0;999.9;0;999.9;999.9;62.6;44.2;0.00I;999.9;0;se
24840;99999;20170328;40.4;24;24.1;24;1018.0;24;1012.5;24;999.9;0;999.9;0;999.9;999.9;57.6;35.6*;0.00I;999.9;0;se
24840;99999;20170329;35.2;24;30.3;24;1016.7;24;1011.2;24;999.9;0;999.9;0;999.9;999.9;38.3;32.7*;0.00I;999.9;0;se
24840;99999;20170330;35.9;24;31.3;24;1019.6;24;1014.1;24;999.9;0;999.9;0;999.9;999.9;44.6;31.6;0.00I;999.9;0;se
24840;99999;20170331;36.1;24;33.9;24;1014.3;24;1008.9;24;999.9;0;999.9;0;999.9;999.9;37.9;33.4;0.00I;999.9;0;se
24840;99999;20170401;44.5;24;41.8;24;1007.0;24;1001.7;24;999.9;0;999.9;0;999.9;999.9;53.8;35.6;0.00I;999.9;0;se
24840;99999;20170402;49.7;24;41.6;24;1011.6;24;1006.3;24;999.9;0;999.9;0;999.9;999.9;57.6;40.5*;0.00I;999.9;0;se
24840;99999;20170403;39.3;24;33.9;24;1024.4;24;1018.9;24;999.9;0;999.9;0;999.9;999.9;53.1;32.9;0.00I;999.9;0;se
24840;99999;20170404;45.9;24;37.7;24;1019.9;24;1014.5;24;999.9;0;999.9;0;999.9;999.9;54.9;33.4;0.00I;999.9;0;se
24840;99999;20170405;46.0;24;34.2;24;1005.7;24;1000.4;24;999.9;0;999.9;0;999.9;999.9;53.6;38.7*;0.00I;999.9;0;se
24840;99999;20170406;42.2;24;30.1;24;1009.8;24;1004.4;24;999.9;0;999.9;0;999.9;999.9;49.6;35.6;0.00I;999.9;0;se
24840;99999;20170407;43.5;24;31.3;24;1009.8;24;1004.5;24;999.9;0;999.9;0;999.9;999.9;52.5;37.6*;0.00I;999.9;0;se
24840;99999;20170408;43.1;24;31.7;24;1015.2;24;1009.8;24;999.9;0;999.9;0;999.9;999.9;50.0;36.7;0.00I;999.9;0;se
24840;99999;20170409;49.6;24;37.2;24;1011.6;24;1006.3;24;999.9;0;999.9;0;999.9;999.9;57.7;41.7;0.00I;999.9;0;se
24840;99999;20170410;47.1;24;39.2;24;998.6;24;993.3;24;999.9;0;999.9;0;999.9;999.9;52.9;42.6*;0.00I;999.9;0;se
24840;99999;20170411;42.3;24;25.2;24;1003.0;24;997.6;24;999.9;0;999.9;0;999.9;999.9;47.1;38.5;0.00I;999.9;0;se
24840;99999;20170412;37.4;24;30.8;24;998.9;24;993.6;24;999.9;0;999.9;0;999.9;999.9;44.6;34.7*;0.00I;999.9;0;se
24840;99999;20170413;34.5;24;25.1;24;1002.8;24;997.4;24;999.9;0;999.9;0;999.9;999.9;37.4;30.2*;0.00I;999.9;0;se
24840;99999;20170414;31.4;24;21.8;24;1007.6;24;1002.2;24;999.9;0;999.9;0;999.9;999.9;37.4;26.8*;0.00I;999.9;0;se
24840;99999;20170415;32.2;24;19.3;24;1010.0;24;1004.5;24;999.9;0;999.9;0;999.9;999.9;42.3;24.4;0.00I;999.9;0;se
24840;99999;20170416;29.8;24;21.1;24;1014.1;24;1008.6;24;999.9;0;999.9;0;999.9;999.9;34.2;26.4;0.00I;999.9;0;se
24840;99999;20170417;32.3;24;20.8;24;1020.9;24;1015.4;24;999.9;0;999.9;0;999.9;999.9;41.9;26.2;0.00I;999.9;0;se
24840;99999;20170418;33.7;24;25.2;24;1030.4;24;1024.8;24;999.9;0;999.9;0;999.9;999.9;39.0;27.9;0.00I;999.9;0;se
24840;99999;20170419;40.5;24;20.4;24;1031.8;24;1026.2;24;999.9;0;999.9;0;999.9;999.9;50.5;30.0;0.00I;999.9;0;se
24840;99999;20170420;42.0;24;34.2;24;1020.2;24;1014.7;24;999.9;0;999.9;0;999.9;999.9;48.0;34.9;0.00I;999.9;0;se
24840;99999;20170421;45.4;24;33.0;24;1001.2;24;995.9;24;999.9;0;999.9;0;999.9;999.9;56.3;37.9*;0.00I;999.9;0;se
24840;99999;20170422;42.6;24;21.8;24;1000.2;24;994.9;24;999.9;0;999.9;0;999.9;999.9;48.0;37.6;0.00I;999.9;0;se
24840;99999;20170423;40.8;24;23.8;24;1006.6;24;1001.2;24;999.9;0;999.9;0;999.9;999.9;48.9;34.3;0.00I;999.9;0;se
24840;99999;20170424;39.7;24;27.6;24;1001.1;24;995.7;24;999.9;0;999.9;0;999.9;999.9;48.9;32.9;0.00I;999.9;0;se
24840;99999;20170425;35.8;24;33.1;24;993.1;24;987.7;24;999.9;0;999.9;0;999.9;999.9;40.5;32.9;0.00I;999.9;0;se
24840;99999;20170426;38.1;24;31.7;24;1002.5;24;997.1;24;999.9;0;999.9;0;999.9;999.9;44.4;33.1;0.00I;999.9;0;se
24840;99999;20170427;42.3;24;27.9;24;1009.2;24;1003.8;24;999.9;0;999.9;0;999.9;999.9;51.4;33.6;0.00I;999.9;0;se
24840;99999;20170428;40.2;24;34.2;24;1019.0;24;1013.6;24;999.9;0;999.9;0;999.9;999.9;49.3;34.3*;0.00I;999.9;0;se
24840;99999;20170429;41.1;24;29.2;24;1018.9;24;1013.4;24;999.9;0;999.9;0;999.9;999.9;50.7;34.0;0.00I;999.9;0;se
24840;99999;20170430;43.4;24;25.6;24;1019.9;24;1014.5;24;999.9;0;999.9;0;999.9;999.9;53.4;34.0;0.00I;999.9;0;se
24840;99999;20170501;50.1;24;28.0;24;1026.3;24;1020.9;24;999.9;0;999.9;0;999.9;999.9;60.3;39.7;0.00I;999.9;0;se
24840;99999;20170502;50.9;23;28.2;23;1029.5;23;1024.1;23;999.9;0;999.9;0;999.9;999.9;61.7;42.1;0.00I;999.9;0;se
24840;99999;20170503;48.6;24;28.5;24;1033.7;24;1028.2;24;999.9;0;999.9;0;999.9;999.9;60.1;39.4*;0.00I;999.9;0;se
24840;99999;20170504;45.9;24;29.5;24;1034.5;24;1029.1;24;999.9;0;999.9;0;999.9;999.9;55.9;37.4;0.00I;999.9;0;se
24840;99999;20170505;54.1;24;29.3;24;1025.3;24;1020.0;24;999.9;0;999.9;0;999.9;999.9;67.3;36.3;0.00I;999.9;0;se
24840;99999;20170506;52.4;24;37.0;24;1017.4;24;1012.1;24;999.9;0;999.9;0;999.9;999.9;62.8;41.0*;0.00I;999.9;0;se
24840;99999;20170507;44.8;24;26.6;24;1014.8;24;1009.4;24;999.9;0;999.9;0;999.9;999.9;54.5;36.3;0.00I;999.9;0;se
24840;99999;20170508;37.1;24;23.6;24;1017.6;24;1012.1;24;999.9;0;999.9;0;999.9;999.9;45.7;31.6*;0.00I;999.9;0;se
24840;99999;20170509;35.4;24;24.1;24;1014.9;24;1009.4;24;999.9;0;999.9;0;999.9;999.9;41.5;29.5;0.00I;999.9;0;se
24840;99999;20170510;36.4;24;25.1;24;1010.3;24;1004.9;24;999.9;0;999.9;0;999.9;999.9;43.9;30.2;0.00I;999.9;0;se
24840;99999;20170511;40.4;24;25.4;24;1011.2;24;1005.8;24;999.9;0;999.9;0;999.9;999.9;48.6;31.8;0.00I;999.9;0;se
24840;99999;20170512;43.4;24;25.5;24;1016.4;24;1011.0;24;999.9;0;999.9;0;999.9;999.9;51.1;37.0;0.00I;999.9;0;se
24840;99999;20170513;46.6;24;28.1;24;1019.1;24;1013.8;24;999.9;0;999.9;0;999.9;999.9;55.6;36.7;0.00I;999.9;0;se
24840;99999;20170514;52.6;24;32.8;24;1019.9;24;1014.6;24;999.9;0;999.9;0;999.9;999.9;62.2;43.3;0.00I;999.9;0;se
24840;99999;20170515;45.8;24;35.7;24;1025.7;24;1020.3;24;999.9;0;999.9;0;999.9;999.9;54.0;37.6*;0.00I;999.9;0;se
24840;99999;20170516;45.6;18;34.1;18;1031.1;18;1025.7;18;999.9;0;999.9;0;999.9;999.9;57.7;34.7;0.00I;999.9;0;se
24840;99999;20170517;51.0;24;46.2;24;1021.2;24;1015.9;24;999.9;0;999.9;0;999.9;999.9;57.0;43.0;0.00I;999.9;0;se
24840;99999;20170518;61.0;24;50.7;24;1015.2;24;1010.0;24;999.9;0;999.9;0;999.9;999.9;71.4;52.9;0.00I;999.9;0;se
24840;99999;20170519;68.5;24;47.0;24;1012.2;24;1007.1;24;999.9;0;999.9;0;999.9;999.9;82.0;54.5;0.00I;999.9;0;se
24840;99999;20170520;58.4;24;46.7;24;1018.0;24;1012.7;24;999.9;0;999.9;0;999.9;999.9;71.1;49.6*;0.00I;999.9;0;se
24840;99999;20170521;59.8;24;40.6;24;1018.5;24;1013.3;24;999.9;0;999.9;0;999.9;999.9;70.2;48.9;0.00I;999.9;0;se
24840;99999;20170522;58.0;24;41.8;24;1014.2;24;1008.9;24;999.9;0;999.9;0;999.9;999.9;66.0;50.0;0.00I;999.9;0;se
24840;99999;20170523;55.7;24;41.6;24;1012.1;24;1006.9;24;999.9;0;999.9;0;999.9;999.9;63.1;49.8;0.00I;999.9;0;se
24840;99999;20170524;59.5;24;40.9;24;1012.1;24;1006.9;24;999.9;0;999.9;0;999.9;999.9;71.4;46.4;0.00I;999.9;0;se
24840;99999;20170525;58.8;24;44.1;24;1012.7;24;1007.4;24;999.9;0;999.9;0;999.9;999.9;68.0;52.5;0.00I;999.9;0;se
24840;99999;20170526;58.1;24;42.0;24;1018.1;24;1012.9;24;999.9;0;999.9;0;999.9;999.9;66.7;53.1;0.00I;999.9;0;se
24840;99999;20170527;66.4;24;47.9;24;1016.9;24;1011.7;24;999.9;0;999.9;0;999.9;999.9;78.6;52.5;0.00I;999.9;0;se
24840;99999;20170528;70.7;24;51.6;24;1009.9;24;1004.8;24;999.9;0;999.9;0;999.9;999.9;84.0;60.3*;0.00I;999.9;0;se
24840;99999;20170529;58.3;24;43.1;24;1010.1;24;1004.9;24;999.9;0;999.9;0;999.9;999.9;70.5;51.4*;0.00I;999.9;0;se
24840;99999;20170530;53.4;24;47.0;24;1007.2;24;1001.9;24;999.9;0;999.9;0;999.9;999.9;57.4;49.8;0.00I;999.9;0;se
24840;99999;20170531;53.2;24;47.5;24;1002.2;24;997.0;24;999.9;0;999.9;0;999.9;999.9;60.3;47.1*;0.00I;999.9;0;se
24840;99999;20170601;50.7;24;32.8;24;1010.2;24;1004.9;24;999.9;0;999.9;0;999.9;999.9;59.2;43.7*;0.00I;999.9;0;se
24840;99999;20170602;49.8;24;32.0;24;1017.0;24;1011.7;24;999.9;0;999.9;0;999.9;999.9;58.3;41.5;0.00I;999.9;0;se
24840;99999;20170603;54.2;24;42.8;24;1016.1;24;1010.8;24;999.9;0;999.9;0;999.9;999.9;61.5;44.8;0.00I;999.9;0;se
24840;99999;20170604;55.4;24;48.9;24;1009.5;24;1004.3;24;999.9;0;999.9;0;999.9;999.9;63.0;50.5*;0.00I;999.9;0;se
24840;99999;20170605;56.8;24;47.8;24;1004.8;24;999.6;24;999.9;0;999.9;0;999.9;999.9;66.6;49.6;0.00I;999.9;0;se
24840;99999;20170606;61.4;24;46.5;24;1011.7;24;1006.5;24;999.9;0;999.9;0;999.9;999.9;72.5;53.1;0.00I;999.9;0;se
24840;99999;20170607;56.7;24;48.9;24;1008.3;24;1003.1;24;999.9;0;999.9;0;999.9;999.9;65.7;51.4*;0.00I;999.9;0;se
24840;99999;20170608;55.4;24;49.8;24;1010.6;24;1005.4;24;999.9;0;999.9;0;999.9;999.9;61.2;50.4;0.00I;999.9;0;se
24840;99999;20170609;58.2;24;49.9;24;1014.7;24;1009.4;24;999.9;0;999.9;0;999.9;999.9;66.2;52.7;0.00I;999.9;0;se
24840;99999;20170610;61.3;24;53.3;24;1015.0;24;1009.9;24;999.9;0;999.9;0;999.9;999.9;71.1;51.6;0.00I;999.9;0;se
24840;99999;20170611;62.4;24;54.2;24;1011.0;24;1005.8;24;999.9;0;999.9;0;999.9;999.9;71.4;54.9;0.00I;999.9;0;se
24840;99999;20170612;59.3;24;53.9;24;995.5;24;990.4;24;999.9;0;999.9;0;999.9;999.9;68.0;53.8*;0.00I;999.9;0;se
24840;99999;20170613;55.8;24;47.1;24;998.8;24;993.6;24;999.9;0;999.9;0;999.9;999.9;60.1;53.4;0.00I;999.9;0;se
24840;99999;20170614;64.5;24;43.0;24;1010.0;24;1004.8;24;999.9;0;999.9;0;999.9;999.9;75.7;51.4;0.00I;999.9;0;se
24840;99999;20170615;64.9;24;52.0;24;1012.0;24;1006.9;24;999.9;0;999.9;0;999.9;999.9;76.6;57.2;0.00I;999.9;0;se
24840;99999;20170616;61.9;24;52.5;24;1008.2;24;1003.1;24;999.9;0;999.9;0;999.9;999.9;71.2;54.0*;0.00I;999.9;0;se
24840;99999;20170617;66.0;24;52.0;24;1013.0;24;1007.8;24;999.9;0;999.9;0;999.9;999.9;77.5;52.3;0.00I;999.9;0;se
24840;99999;20170618;70.2;24;54.5;24;1012.2;24;1007.1;24;999.9;0;999.9;0;999.9;999.9;78.8;61.2;0.00I;999.9;0;se
24840;99999;20170619;66.7;24;51.0;24;1011.5;24;1006.4;24;999.9;0;999.9;0;999.9;999.9;76.1;61.9*;0.00I;999.9;0;se
24840;99999;20170620;60.6;24;47.3;24;1005.2;24;1000.1;24;999.9;0;999.9;0;999.9;999.9;67.3;54.5*;0.00I;999.9;0;se
24840;99999;20170621;58.6;24;41.6;24;1009.0;24;1003.8;24;999.9;0;999.9;0;999.9;999.9;66.0;53.4;0.00I;999.9;0;se
24840;99999;20170622;58.7;24;43.9;24;1007.9;24;1002.7;24;999.9;0;999.9;0;999.9;999.9;66.7;52.7*;0.00I;999.9;0;se
24840;99999;20170623;59.1;24;51.3;24;1006.7;24;1001.5;24;999.9;0;999.9;0;999.9;999.9;67.5;51.8;0.00I;999.9;0;se
24840;99999;20170624;59.8;24;51.2;24;997.8;24;992.6;24;999.9;0;999.9;0;999.9;999.9;68.4;52.5;0.00I;999.9;0;se
24840;99999;20170625;58.8;24;47.2;24;994.5;24;989.4;24;999.9;0;999.9;0;999.9;999.9;65.5;53.8;0.00I;999.9;0;se
24840;99999;20170626;56.7;24;47.4;24;994.3;24;989.1;24;999.9;0;999.9;0;999.9;999.9;64.2;50.0;0.00I;999.9;0;se
24840;99999;20170627;58.3;24;41.9;24;1005.6;24;1000.5;24;999.9;0;999.9;0;999.9;999.9;64.4;52.0;0.00I;999.9;0;se
24840;99999;20170628;59.1;24;41.7;24;1011.7;24;1006.5;24;999.9;0;999.9;0;999.9;999.9;70.3;51.8*;0.00I;999.9;0;se
24840;99999;20170629;58.6;24;44.5;24;1009.0;24;1003.8;24;999.9;0;999.9;0;999.9;999.9;66.7;49.6;0.00I;999.9;0;se
24840;99999;20170630;60.6;18;49.2;18;1003.0;18;997.8;18;999.9;0;999.9;0;999.9;999.9;65.8;55.8*;0.00I;999.9;0;se
24840;99999;20170701;60.9;24;50.7;24;1002.9;24;997.7;24;999.9;0;999.9;0;999.9;999.9;67.3;55.9;0.00I;999.9;0;se
24840;99999;20170702;64.4;24;52.3;24;1001.4;24;996.3;24;999.9;0;999.9;0;999.9;999.9;75.0;57.7;0.00I;999.9;0;se
24840;99999;20170703;60.7;24;49.9;24;1002.1;24;997.0;24;999.9;0;999.9;0;999.9;999.9;73.2;54.7;0.00I;999.9;0;se
24840;99999;20170704;56.7;24;46.4;24;1007.9;24;1002.7;24;999.9;0;999.9;0;999.9;999.9;60.8;54.0;0.00I;999.9;0;se
24840;99999;20170705;58.4;24;42.1;24;1012.9;24;1007.7;24;999.9;0;999.9;0;999.9;999.9;68.7;52.2;0.00I;999.9;0;se
24840;99999;20170706;59.3;24;42.3;24;1015.7;24;1010.5;24;999.9;0;999.9;0;999.9;999.9;71.6;51.1;0.00I;999.9;0;se
24840;99999;20170707;65.1;24;45.0;24;1013.1;24;1008.0;24;999.9;0;999.9;0;999.9;999.9;74.5;54.9;0.00I;999.9;0;se
24840;99999;20170708;61.2;24;54.9;24;1008.9;24;1003.7;24;999.9;0;999.9;0;999.9;999.9;72.0;55.4;0.00I;999.9;0;se
24840;99999;20170709;62.4;24;56.6;24;1008.9;24;1003.7;24;999.9;0;999.9;0;999.9;999.9;70.7;57.4;0.00I;999.9;0;se
24840;99999;20170710;65.3;24;51.6;24;1010.2;24;1005.0;24;999.9;0;999.9;0;999.9;999.9;77.4;55.9;0.00I;999.9;0;se
24840;99999;20170711;62.8;24;56.5;24;1004.5;24;999.3;24;999.9;0;999.9;0;999.9;999.9;70.9;58.1;0.00I;999.9;0;se
24840;99999;20170712;65.8;24;51.6;24;1001.2;24;996.1;24;999.9;0;999.9;0;999.9;999.9;74.7;58.3;0.00I;999.9;0;se
24840;99999;20170713;61.7;24;41.7;24;1007.3;24;1002.1;24;999.9;0;999.9;0;999.9;999.9;68.9;55.2;0.00I;999.9;0;se
24840;99999;20170714;62.3;24;43.1;24;1011.1;24;1006.0;24;999.9;0;999.9;0;999.9;999.9;73.6;53.8;0.00I;999.9;0;se
24840;99999;20170715;64.8;24;48.1;24;1015.7;24;1010.6;24;999.9;0;999.9;0;999.9;999.9;74.8;55.6;0.00I;999.9;0;se
24840;99999;20170716;64.1;24;53.2;24;1013.4;24;1008.3;24;999.9;0;999.9;0;999.9;999.9;75.4;56.7;0.00I;999.9;0;se
24840;99999;20170717;61.2;14;50.8;14;1006.5;14;1001.3;14;999.9;0;999.9;0;999.9;999.9;71.4;56.8;0.00I;999.9;0;se
24840;99999;20170718;63.9;8;44.0;8;1012.1;8;1007.0;8;999.9;0;999.9;0;999.9;999.9;72.0;56.3;0.00I;999.9;0;se
24840;99999;20170719;61.8;8;43.7;8;1016.7;8;1011.5;8;999.9;0;999.9;0;999.9;999.9;69.6;54.9;0.00I;999.9;0;se
24840;99999;20170720;63.9;23;46.2;23;1014.8;23;1009.7;23;999.9;0;999.9;0;999.9;999.9;73.9;56.3;0.00I;999.9;0;se
24840;99999;20170721;62.6;24;47.0;24;1017.8;24;1012.6;24;999.9;0;999.9;0;999.9;999.9;73.9;52.7;0.00I;999.9;0;se
24840;99999;20170722;64.1;24;51.1;24;1020.0;24;1014.8;24;999.9;0;999.9;0;999.9;999.9;75.6;55.9;0.00I;999.9;0;se
24840;99999;20170723;63.7;24;47.9;24;1018.8;24;1013.6;24;999.9;0;999.9;0;999.9;999.9;74.1;55.9*;0.00I;999.9;0;se
24840;99999;20170724;63.3;24;50.7;24;1014.1;24;1008.9;24;999.9;0;999.9;0;999.9;999.9;76.5;52.7;0.00I;999.9;0;se
24840;99999;20170725;63.0;24;52.9;24;1011.0;24;1005.8;24;999.9;0;999.9;0;999.9;999.9;72.7;55.9;0.00I;999.9;0;se
24840;99999;20170726;63.0;24;54.6;24;1007.0;24;1001.8;24;999.9;0;999.9;0;999.9;999.9;68.7;56.3;0.00I;999.9;0;se
24840;99999;20170727;66.1;24;54.6;24;1004.1;24;999.0;24;999.9;0;999.9;0;999.9;999.9;76.1;55.6;0.00I;999.9;0;se
24840;99999;20170728;62.4;24;58.2;24;1003.0;24;997.8;24;999.9;0;999.9;0;999.9;999.9;67.8;59.5*;0.00I;999.9;0;se
24840;99999;20170729;66.3;24;53.0;24;1006.7;24;1001.6;24;999.9;0;999.9;0;999.9;999.9;75.7;58.1;0.00I;999.9;0;se
24840;99999;20170730;66.5;24;55.4;24;1006.8;24;1001.7;24;999.9;0;999.9;0;999.9;999.9;76.1;60.8;0.00I;999.9;0;se
24840;99999;20170731;68.0;24;52.1;24;1008.1;24;1003.0;24;999.9;0;999.9;0;999.9;999.9;76.5;61.7;0.00I;999.9;0;se
24840;99999;20170801;66.9;24;54.2;24;1013.6;24;1008.5;24;999.9;0;999.9;0;999.9;999.9;76.5;60.1;0.00I;999.9;0;se
24840;99999;20170802;67.2;24;52.5;24;1009.5;24;1004.4;24;999.9;0;999.9;0;999.9;999.9;76.6;61.3;0.00I;999.9;0;se
24840;99999;20170803;64.6;24;53.0;24;1007.5;24;1002.4;24;999.9;0;999.9;0;999.9;999.9;77.5;57.4;0.00I;999.9;0;se
24840;99999;20170804;63.7;24;56.3;24;996.9;24;991.8;24;999.9;0;999.9;0;999.9;999.9;72.7;58.3;0.00I;999.9;0;se
24840;99999;20170805;63.0;24;56.0;24;999.0;24;993.9;24;999.9;0;999.9;0;999.9;999.9;71.4;58.5;0.00I;999.9;0;se
24840;99999;20170806;58.9;24;57.0;24;1006.1;24;1000.9;24;999.9;0;999.9;0;999.9;999.9;66.0;57.0;0.00I;999.9;0;se
24840;99999;20170807;63.1;24;51.1;24;1014.5;24;1009.3;24;999.9;0;999.9;0;999.9;999.9;71.8;55.9;0.00I;999.9;0;se
24840;99999;20170808;66.6;22;52.2;22;1019.7;22;1014.6;22;999.9;0;999.9;0;999.9;999.9;74.1;57.2;0.00I;999.9;0;se
24840;99999;20170809;65.7;24;57.1;24;1017.0;24;1011.9;24;999.9;0;999.9;0;999.9;999.9;73.8;57.6;0.00I;999.9;0;se
24840;99999;20170810;65.7;24;56.4;24;1014.0;24;1008.8;24;999.9;0;999.9;0;999.9;999.9;73.0;59.7;0.00I;999.9;0;se
24840;99999;20170811;67.5;24;55.0;24;1012.9;24;1007.7;24;999.9;0;999.9;0;999.9;999.9;77.7;59.2;0.00I;999.9;0;se
24840;99999;20170812;64.8;24;58.0;24;1005.2;24;1000.1;24;999.9;0;999.9;0;999.9;999.9;70.3;58.5*;0.00I;999.9;0;se
24840;99999;20170813;58.6;24;54.0;24;1007.6;24;1002.5;24;999.9;0;999.9;0;999.9;999.9;68.0;52.9*;0.00I;999.9;0;se
24840;99999;20170814;61.8;24;46.9;24;1020.3;24;1015.0;24;999.9;0;999.9;0;999.9;999.9;73.8;51.1;0.00I;999.9;0;se
24840;99999;20170815;63.1;21;48.5;21;1022.8;21;1017.5;21;999.9;0;999.9;0;999.9;999.9;71.8*;54.5;0.00I;999.9;0;se
24840;99999;20170816;62.8;24;57.9;24;1017.4;24;1012.2;24;999.9;0;999.9;0;999.9;999.9;68.0;57.9;0.00I;999.9;0;se
24840;99999;20170817;64.5;24;51.2;24;1017.3;24;1012.2;24;999.9;0;999.9;0;999.9;999.9;75.0;56.3;0.00I;999.9;0;se
24840;99999;20170818;62.3;24;59.5;24;1011.1;24;1005.9;24;999.9;0;999.9;0;999.9;999.9;67.1;59.2;0.00I;999.9;0;se
24840;99999;20170819;63.7;24;55.7;24;1005.1;24;1000.0;24;999.9;0;999.9;0;999.9;999.9;71.1;56.5*;0.00I;999.9;0;se
24840;99999;20170820;61.2;24;51.5;24;1010.8;24;1005.7;24;999.9;0;999.9;0;999.9;999.9;69.6;55.4;0.00I;999.9;0;se
24840;99999;20170821;61.9;23;50.4;23;1012.3;23;1007.1;23;999.9;0;999.9;0;999.9;999.9;70.9;54.3;0.00I;999.9;0;se
24840;99999;20170822;57.4;24;50.9;24;1016.0;24;1010.7;24;999.9;0;999.9;0;999.9;999.9;62.8;53.6*;0.00I;999.9;0;se
24840;99999;20170823;57.8;24;48.6;24;1015.9;24;1010.7;24;999.9;0;999.9;0;999.9;999.9;64.2;52.5;0.00I;999.9;0;se
24840;99999;20170824;60.8;24;50.1;24;1010.4;24;1005.2;24;999.9;0;999.9;0;999.9;999.9;70.0;50.5;0.00I;999.9;0;se
24840;99999;20170825;56.0;24;50.8;24;1008.6;24;1003.4;24;999.9;0;999.9;0;999.9;999.9;65.5;51.4;0.00I;999.9;0;se
24840;99999;20170826;56.7;24;44.1;24;1013.1;24;1007.9;24;999.9;0;999.9;0;999.9;999.9;64.6;50.2;0.00I;999.9;0;se
24840;99999;20170827;56.0;24;43.8;24;1014.8;24;1009.6;24;999.9;0;999.9;0;999.9;999.9;64.9;49.3;0.00I;999.9;0;se
24840;99999;20170828;58.2;24;46.3;24;1017.3;24;1012.0;24;999.9;0;999.9;0;999.9;999.9;69.8;47.1;0.00I;999.9;0;se
24840;99999;20170829;63.6;24;55.0;24;1011.9;24;1006.7;24;999.9;0;999.9;0;999.9;999.9;71.6;56.8;0.00I;999.9;0;se
24840;99999;20170830;65.7;24;51.8;24;1008.4;24;1003.3;24;999.9;0;999.9;0;999.9;999.9;74.7;56.3*;0.00I;999.9;0;se
24840;99999;20170831;59.1;24;57.5;24;1005.5;24;1000.4;24;999.9;0;999.9;0;999.9;999.9;68.5;54.5*;0.00I;999.9;0;se
24840;99999;20170901;57.9;24;49.7;24;1014.3;24;1009.0;24;999.9;0;999.9;0;999.9;999.9;64.9;51.8;0.00I;999.9;0;se
24840;99999;20170902;57.1;24;51.0;24;1018.9;24;1013.7;24;999.9;0;999.9;0;999.9;999.9;64.9;52.3;0.00I;999.9;0;se
24840;99999;20170903;56.9;24;49.2;24;1017.8;24;1012.5;24;999.9;0;999.9;0;999.9;999.9;61.0;51.4;0.00I;999.9;0;se
24840;99999;20170904;55.4;24;52.5;24;1016.8;24;1011.5;24;999.9;0;999.9;0;999.9;999.9;59.0;53.2;0.00I;999.9;0;se
24840;99999;20170905;56.9;24;48.8;24;1020.2;24;1014.9;24;999.9;0;999.9;0;999.9;999.9;61.9;54.0*;0.00I;999.9;0;se
24840;99999;20170906;54.5;24;46.7;24;1015.1;24;1009.9;24;999.9;0;999.9;0;999.9;999.9;59.9;50.7*;0.00I;999.9;0;se
24840;99999;20170907;53.4;24;45.5;24;1008.0;24;1002.7;24;999.9;0;999.9;0;999.9;999.9;59.5;47.5;0.00I;999.9;0;se
24840;99999;20170908;53.6;24;47.5;24;1001.9;24;996.6;24;999.9;0;999.9;0;999.9;999.9;58.3;48.9;0.00I;999.9;0;se
24840;99999;20170909;58.2;24;55.8;24;996.3;24;991.1;24;999.9;0;999.9;0;999.9;999.9;63.9;51.6;0.00I;999.9;0;se
24840;99999;20170910;58.6;24;53.5;24;997.4;24;992.3;24;999.9;0;999.9;0;999.9;999.9;65.7;54.7*;0.00I;999.9;0;se
24840;99999;20170911;59.0;24;54.5;24;999.4;24;994.2;24;999.9;0;999.9;0;999.9;999.9;64.8;53.2;0.00I;999.9;0;se
24840;99999;20170912;59.7;24;54.1;24;996.6;24;991.5;24;999.9;0;999.9;0;999.9;999.9;66.9;55.9*;0.00I;999.9;0;se
24840;99999;20170913;56.0;24;51.1;24;992.9;24;987.8;24;999.9;0;999.9;0;999.9;999.9;64.4;51.3;0.00I;999.9;0;se
24840;99999;20170914;53.6;24;52.5;24;986.2;24;981.0;24;999.9;0;999.9;0;999.9;999.9;57.2;51.1*;0.00I;999.9;0;se
24840;99999;20170915;54.6;24;50.4;24;997.7;24;992.5;24;999.9;0;999.9;0;999.9;999.9;60.8;51.1;0.00I;999.9;0;se
24840;99999;20170916;54.2;24;48.5;24;1008.4;24;1003.2;24;999.9;0;999.9;0;999.9;999.9;62.1;48.7;0.00I;999.9;0;se
24840;99999;20170917;52.8;24;49.7;24;1015.6;24;1010.3;24;999.9;0;999.9;0;999.9;999.9;59.4;48.9*;0.00I;999.9;0;se
24840;99999;20170918;49.8;22;45.3;22;1009.6;22;1004.3;22;999.9;0;999.9;0;999.9;999.9;55.0;44.1;0.00I;999.9;0;se
24840;99999;20170919;49.6;24;45.9;24;1010.0;24;1004.7;24;999.9;0;999.9;0;999.9;999.9;56.5;44.1*;0.00I;999.9;0;se
24840;99999;20170920;47.9;24;42.6;24;1017.5;24;1012.1;24;999.9;0;999.9;0;999.9;999.9;54.1;41.0;0.00I;999.9;0;se
24840;99999;20170921;55.2;24;51.9;24;1022.5;24;1017.2;24;999.9;0;999.9;0;999.9;999.9;62.1;46.9;0.00I;999.9;0;se
24840;99999;20170922;55.1;24;53.7;24;1023.6;24;1018.3;24;999.9;0;999.9;0;999.9;999.9;56.5;53.6;0.00I;999.9;0;se
24840;99999;20170923;57.0;24;56.2;24;1026.4;24;1021.1;24;999.9;0;999.9;0;999.9;999.9;61.0;54.5;0.00I;999.9;0;se
24840;99999;20170924;57.7;24;55.6;24;1031.5;24;1026.2;24;999.9;0;999.9;0;999.9;999.9;65.1;54.3;0.00I;999.9;0;se
24840;99999;20170925;57.6;24;54.1;24;1035.9;24;1030.5;24;999.9;0;999.9;0;999.9;999.9;65.8;53.2*;0.00I;999.9;0;se
24840;99999;20170926;57.0;24;54.1;24;1037.7;24;1032.3;24;999.9;0;999.9;0;999.9;999.9;64.6;52.5;0.00I;999.9;0;se
24840;99999;20170927;56.5;24;52.9;24;1039.8;24;1034.4;24;999.9;0;999.9;0;999.9;999.9;61.0;54.1;0.00I;999.9;0;se
24840;99999;20170928;55.3;24;51.4;24;1039.1;24;1033.8;24;999.9;0;999.9;0;999.9;999.9;59.7;52.0*;0.00I;999.9;0;se
24840;99999;20170929;53.4;24;47.9;24;1035.3;24;1029.9;24;999.9;0;999.9;0;999.9;999.9;56.1;51.3*;0.00I;999.9;0;se
24840;99999;20170930;52.5;24;47.7;24;1030.1;24;1024.8;24;999.9;0;999.9;0;999.9;999.9;57.4;48.6;0.00I;999.9;0;se
24840;99999;20171001;52.8;24;45.7;24;1026.0;24;1020.6;24;999.9;0;999.9;0;999.9;999.9;58.3;48.2;0.00I;999.9;0;se
24840;99999;20171002;54.4;24;50.8;24;1008.7;24;1003.4;24;999.9;0;999.9;0;999.9;999.9;57.0;50.9;0.00I;999.9;0;se
24840;99999;20171003;54.0;20;51.1;20;997.1;20;991.9;20;999.9;0;999.9;0;999.9;999.9;58.1;52.0;0.00I;999.9;0;se
24840;99999;20171004;51.3;24;44.5;24;992.8;24;987.6;24;999.9;0;999.9;0;999.9;999.9;56.8;44.4*;0.00I;999.9;0;se
24840;99999;20171005;48.1;24;42.1;24;989.0;24;983.8;24;999.9;0;999.9;0;999.9;999.9;51.8;42.8;0.00I;999.9;0;se
24840;99999;20171006;48.6;24;41.8;24;998.2;24;993.0;24;999.9;0;999.9;0;999.9;999.9;53.1;44.8;0.00I;999.9;0;se
24840;99999;20171007;43.5;24;41.1;24;999.4;24;994.0;24;999.9;0;999.9;0;999.9;999.9;49.5;40.5*;0.00I;999.9;0;se
24840;99999;20171008;44.1;24;43.2;24;998.7;24;993.4;24;999.9;0;999.9;0;999.9;999.9;47.1*;40.5;0.00I;999.9;0;se
24840;99999;20171009;47.8;24;46.0;24;1004.8;24;999.5;24;999.9;0;999.9;0;999.9;999.9;51.6;45.9;0.00I;999.9;0;se
24840;99999;20171010;45.3;24;41.3;24;1002.1;24;996.8;24;999.9;0;999.9;0;999.9;999.9;47.5;41.5*;0.00I;999.9;0;se
24840;99999;20171011;44.7;24;38.8;24;1003.0;24;997.7;24;999.9;0;999.9;0;999.9;999.9;49.3;40.6;0.00I;999.9;0;se
24840;99999;20171012;50.5;24;49.5;24;993.9;24;988.7;24;999.9;0;999.9;0;999.9;999.9;55.2;45.0;0.00I;999.9;0;se
24840;99999;20171013;46.3;24;42.3;24;1011.7;24;1006.4;24;999.9;0;999.9;0;999.9;999.9;49.1;44.2;0.00I;999.9;0;se
24840;99999;20171014;53.4;24;51.0;24;1008.8;24;1003.5;24;999.9;0;999.9;0;999.9;999.9;60.3;45.1;0.00I;999.9;0;se
24840;99999;20171015;52.7;24;45.6;24;1014.4;24;1009.1;24;999.9;0;999.9;0;999.9;999.9;56.1;48.6;0.00I;999.9;0;se
24840;99999;20171016;56.9;24;51.0;24;1010.6;24;1005.4;24;999.9;0;999.9;0;999.9;999.9;61.3;52.2*;0.00I;999.9;0;se
24840;99999;20171017;53.0;23;50.2;23;1007.9;23;1002.6;23;999.9;0;999.9;0;999.9;999.9;57.7;50.2;0.00I;999.9;0;se
24840;99999;20171018;47.1;24;42.1;24;1010.5;24;1005.2;24;999.9;0;999.9;0;999.9;999.9;54.0;43.5*;0.00I;999.9;0;se
24840;99999;20171019;43.1;24;37.4;24;1020.3;24;1014.8;24;999.9;0;999.9;0;999.9;999.9;48.4;38.7;0.00I;999.9;0;se
24840;99999;20171020;43.6;24;39.7;24;1022.1;24;1016.7;24;999.9;0;999.9;0;999.9;999.9;50.2;37.9;0.00I;999.9;0;se
24840;99999;20171021;44.1;24;37.4;24;1022.2;24;1016.7;24;999.9;0;999.9;0;999.9;999.9;49.5;41.0;0.00I;999.9;0;se
24840;99999;20171022;43.6;24;36.5;24;1018.9;24;1013.5;24;999.9;0;999.9;0;999.9;999.9;46.6;40.6;0.00I;999.9;0;se
24840;99999;20171023;41.6;24;34.4;24;1023.9;24;1018.5;24;999.9;0;999.9;0;999.9;999.9;44.4;39.0;0.00I;999.9;0;se
24840;99999;20171024;41.4;24;33.9;24;1026.3;24;1020.8;24;999.9;0;999.9;0;999.9;999.9;44.2*;37.4;0.00I;999.9;0;se
24840;99999;20171025;46.8;24;45.0;24;1006.6;24;1001.3;24;999.9;0;999.9;0;999.9;999.9;50.4;43.3;0.00I;999.9;0;se
24840;99999;20171026;40.9;24;38.4;24;1006.5;24;1001.2;24;999.9;0;999.9;0;999.9;999.9;49.1;39.0;0.00I;999.9;0;se
24840;99999;20171027;40.2;24;37.4;24;1008.9;24;1003.5;24;999.9;0;999.9;0;999.9;999.9;41.9*;38.5;0.00I;999.9;0;se
24840;99999;20171028;43.3;24;39.8;24;987.1;24;981.9;24;999.9;0;999.9;0;999.9;999.9;45.7;37.9*;0.00I;999.9;0;se
24840;99999;20171029;37.7;24;28.6;24;987.9;24;982.6;24;999.9;0;999.9;0;999.9;999.9;45.1;34.7;0.00I;999.9;0;se
24840;99999;20171030;36.4;24;24.7;24;1007.2;24;1001.8;24;999.9;0;999.9;0;999.9;999.9;39.7;33.1*;0.00I;999.9;0;se
24840;99999;20171031;36.6;24;29.2;24;1010.3;24;1004.9;24;999.9;0;999.9;0;999.9;999.9;39.9*;31.6;0.00I;999.9;0;se
24840;99999;20171101;43.3;24;40.8;24;1001.6;24;996.3;24;999.9;0;999.9;0;999.9;999.9;46.2*;37.4;0.00I;999.9;0;se
24840;99999;20171102;45.2;24;43.7;24;998.9;24;993.6;24;999.9;0;999.9;0;999.9;999.9;49.1;36.7*;0.00I;999.9;0;se
24840;99999;20171103;40.5;24;33.8;24;1007.1;24;1001.8;24;999.9;0;999.9;0;999.9;999.9;45.9*;33.8;0.00I;999.9;0;se
24840;99999;20171104;46.7;24;42.0;24;1004.0;24;998.7;24;999.9;0;999.9;0;999.9;999.9;49.6;43.3;0.00I;999.9;0;se
24840;99999;20171105;48.8;24;45.7;24;1002.3;24;997.1;24;999.9;0;999.9;0;999.9;999.9;50.2;47.3;0.00I;999.9;0;se
24840;99999;20171106;43.3;24;38.4;24;1012.7;24;1007.4;24;999.9;0;999.9;0;999.9;999.9;50.0;36.5*;0.00I;999.9;0;se
24840;99999;20171107;39.1;24;36.1;24;1025.2;24;1019.7;24;999.9;0;999.9;0;999.9;999.9;45.1;34.3;0.00I;999.9;0;se
24840;99999;20171108;40.3;24;36.6;24;1025.4;24;1019.9;24;999.9;0;999.9;0;999.9;999.9;44.1*;36.3;0.00I;999.9;0;se
24840;99999;20171109;44.7;24;40.5;24;1009.7;24;1004.4;24;999.9;0;999.9;0;999.9;999.9;46.2;41.2;0.00I;999.9;0;se
24840;99999;20171110;42.8;24;38.1;24;996.6;24;991.3;24;999.9;0;999.9;0;999.9;999.9;46.2;39.7;0.00I;999.9;0;se
24840;99999;20171111;41.2;24;39.1;24;983.4;24;978.2;24;999.9;0;999.9;0;999.9;999.9;44.1;37.0*;0.00I;999.9;0;se
24840;99999;20171112;34.9;24;32.5;24;991.1;24;985.7;24;999.9;0;999.9;0;999.9;999.9;39.9;31.5*;0.00I;999.9;0;se
24840;99999;20171113;33.0;24;28.8;24;1006.6;24;1001.1;24;999.9;0;999.9;0;999.9;999.9;36.1;30.6;0.00I;999.9;0;se
24840;99999;20171114;32.9;24;30.5;24;1009.4;24;1004.0;24;999.9;0;999.9;0;999.9;999.9;36.0*;28.6;0.00I;999.9;0;se
24840;99999;20171115;36.5;24;33.3;24;1011.1;24;1005.7;24;999.9;0;999.9;0;999.9;999.9;42.3;31.3;0.00I;999.9;0;se
24840;99999;20171116;37.0;24;33.1;24;1015.4;24;1009.9;24;999.9;0;999.9;0;999.9;999.9;43.0*;32.5;0.00I;999.9;0;se
24840;99999;20171117;42.3;24;35.9;24;1005.1;24;999.7;24;999.9;0;999.9;0;999.9;999.9;44.8;37.0;0.00I;999.9;0;se
24840;99999;20171118;40.4;24;36.8;24;996.4;24;991.0;24;999.9;0;999.9;0;999.9;999.9;44.6;35.1*;0.00I;999.9;0;se
24840;99999;20171119;31.4;24;29.1;24;998.2;24;992.8;24;999.9;0;999.9;0;999.9;999.9;38.1;28.0;0.00I;999.9;0;se
24840;99999;20171120;31.0;24;29.0;24;1006.3;24;1000.8;24;999.9;0;999.9;0;999.9;999.9;32.7;28.6;0.00I;999.9;0;se
24840;99999;20171121;28.5;24;27.2;24;1010.6;24;1005.1;24;999.9;0;999.9;0;999.9;999.9;31.3;24.8*;0.00I;999.9;0;se
24840;99999;20171122;31.0;24;29.6;24;1009.0;24;1003.5;24;999.9;0;999.9;0;999.9;999.9;38.5;23.0;0.00I;999.9;0;se
24840;99999;20171123;45.3;24;43.6;24;996.6;24;991.4;24;999.9;0;999.9;0;999.9;999.9;47.3;37.0;0.00I;999.9;0;se
24840;99999;20171124;41.9;24;37.9;24;1001.8;24;996.5;24;999.9;0;999.9;0;999.9;999.9;46.4;37.9*;0.00I;999.9;0;se
24840;99999;20171125;35.4;24;33.8;24;1006.0;24;1000.6;24;999.9;0;999.9;0;999.9;999.9;40.3;33.1;0.00I;999.9;0;se
24840;99999;20171126;35.3;24;33.1;24;1004.5;24;999.1;24;999.9;0;999.9;0;999.9;999.9;39.7*;32.2;0.00I;999.9;0;se
24840;99999;20171127;39.0;24;37.0;24;1003.0;24;997.6;24;999.9;0;999.9;0;999.9;999.9;41.0;36.3*;0.00I;999.9;0;se
24840;99999;20171128;39.4;24;37.7;24;999.9;24;994.5;24;999.9;0;999.9;0;999.9;999.9;41.4;36.3;0.00I;999.9;0;se
24840;99999;20171129;39.5;24;36.7;24;1000.1;24;994.8;24;999.9;0;999.9;0;999.9;999.9;41.4;36.9;0.00I;999.9;0;se
24840;99999;20171130;37.2;24;34.9;24;1006.6;24;1001.2;24;999.9;0;999.9;0;999.9;999.9;38.8;34.5*;0.00I;999.9;0;se
24840;99999;20171201;34.7;24;33.3;24;1010.9;24;1005.4;24;999.9;0;999.9;0;999.9;999.9;37.6;32.2*;0.00I;999.9;0;se
24840;99999;20171202;34.2;14;31.3;14;1012.0;14;1006.5;14;999.9;0;999.9;0;999.9;999.9;40.1*;28.4;0.00I;999.9;0;se
24840;99999;20171203;38.7;24;36.0;24;1004.2;24;998.8;24;999.9;0;999.9;0;999.9;999.9;42.1;32.9*;0.00I;999.9;0;se
24840;99999;20171204;31.7;23;26.6;23;1010.6;23;1005.1;23;999.9;0;999.9;0;999.9;999.9;33.4;29.7*;0.00I;999.9;0;se
24840;99999;20171205;29.8;13;26.6;13;1009.5;13;1004.0;13;999.9;0;999.9;0;999.9;999.9;35.6;27.0;0.00I;999.9;0;se
24840;99999;20171206;31.3;20;26.4;20;1008.0;20;1002.5;20;999.9;0;999.9;0;999.9;999.9;33.1*;29.3;0.00I;999.9;0;se
24840;99999;20171207;39.9;24;38.8;24;995.2;24;989.9;24;999.9;0;999.9;0;999.9;999.9;44.2;31.5;0.00I;999.9;0;se
24840;99999;20171208;40.6;24;33.6;24;983.6;24;978.4;24;999.9;0;999.9;0;999.9;999.9;43.2;39.4*;0.00I;999.9;0;se
24840;99999;20171209;37.7;24;33.6;24;986.8;24;981.5;24;999.9;0;999.9;0;999.9;999.9;41.0;34.0*;0.00I;999.9;0;se
24840;99999;20171210;33.6;23;31.0;23;990.1;23;984.7;23;999.9;0;999.9;0;999.9;999.9;37.0;31.8*;0.00I;999.9;0;se
24840;99999;20171211;32.6;24;31.5;24;993.9;24;988.5;24;999.9;0;999.9;0;999.9;999.9;34.5;29.5;0.00I;999.9;0;se
24840;99999;20171212;31.9;23;31.3;23;989.1;23;983.7;23;999.9;0;999.9;0;999.9;999.9;33.8;27.3*;0.00I;999.9;0;se
24840;99999;20171213;31.3;24;29.0;24;995.4;24;990.0;24;999.9;0;999.9;0;999.9;999.9;36.5*;24.6;0.00I;999.9;0;se
24840;99999;20171214;36.8;24;34.2;24;984.3;24;979.0;24;999.9;0;999.9;0;999.9;999.9;38.7;34.2;0.00I;999.9;0;se
24840;99999;20171215;35.9;24;35.1;24;984.1;24;978.8;24;999.9;0;999.9;0;999.9;999.9;37.4;34.3*;0.00I;999.9;0;se
24840;99999;20171216;34.0;24;33.3;24;998.4;24;993.0;24;999.9;0;999.9;0;999.9;999.9;35.2;32.5*;0.00I;999.9;0;se
24840;99999;20171217;27.3;24;24.9;24;1012.6;24;1007.1;24;999.9;0;999.9;0;999.9;999.9;34.5;24.6*;0.00I;999.9;0;se
24840;99999;20171218;30.1;24;28.8;24;1019.1;24;1013.6;24;999.9;0;999.9;0;999.9;999.9;35.1*;24.4;0.00I;999.9;0;se
24840;99999;20171219;30.7;24;30.2;24;1025.6;24;1020.1;24;999.9;0;999.9;0;999.9;999.9;35.1;27.9*;0.00I;999.9;0;se
24840;99999;20171220;35.0;24;35.0;24;1022.4;24;1016.8;24;999.9;0;999.9;0;999.9;999.9;39.2*;27.7;0.00I;999.9;0;se
24840;99999;20171221;33.2;24;32.6;24;1017.3;24;1011.8;24;999.9;0;999.9;0;999.9;999.9;39.4;30.6*;0.00I;999.9;0;se
24840;99999;20171222;31.4;24;26.8;24;1015.9;24;1010.3;24;999.9;0;999.9;0;999.9;999.9;34.3;29.7*;0.00I;999.9;0;se
24840;99999;20171223;38.3;24;34.8;24;998.6;24;993.2;24;999.9;0;999.9;0;999.9;999.9;43.2;29.3;0.00I;999.9;0;se
24840;99999;20171224;34.1;24;30.3;24;998.1;24;992.7;24;999.9;0;999.9;0;999.9;999.9;43.3;30.4*;0.00I;999.9;0;se
24840;99999;20171225;35.6;24;34.9;24;996.2;24;990.8;24;999.9;0;999.9;0;999.9;999.9;43.7*;28.6;0.00I;999.9;0;se
24840;99999;20171226;38.0;24;36.8;24;989.8;24;984.4;24;999.9;0;999.9;0;999.9;999.9;43.9;33.8;0.00I;999.9;0;se
24840;99999;20171227;38.1;24;33.9;24;989.1;24;983.7;24;999.9;0;999.9;0;999.9;999.9;39.9;36.7;0.00I;999.9;0;se
24840;99999;20171228;40.2;24;38.9;24;990.0;24;984.7;24;999.9;0;999.9;0;999.9;999.9;41.9;37.6;0.00I;999.9;0;se
24840;99999;20171229;37.1;24;34.5;24;994.2;24;988.8;24;999.9;0;999.9;0;999.9;999.9;40.6;35.1*;0.00I;999.9;0;se
24840;99999;20171230;35.4;24;30.8;24;1000.0;24;994.6;24;999.9;0;999.9;0;999.9;999.9;37.6;33.8;0.00I;999.9;0;se
24840;99999;20171231;36.9;24;34.4;24;997.3;24;992.0;24;999.9;0;999.9;0;999.9;999.9;38.1;34.9*;0.00I;999.9;0;se