"STN---,WBAN , YEARMODA,   TEMP,  ,   DEWP,  ,  SLP  ,  ,  STP  ,  , VISIB,  ,  WDSP,  , MXSPD,  GUST,   MAX  ,  MIN  ,PRCP  ,SNDP , FRSHTT,"
"875850,99999, 20170101,   87.1, 8,   73.2, 8, 1007.1, 8, 1004.2, 8,   6.1, 8,   4.1, 8,   8.0, 999.9,   93.9*,  80.6 , 0.00G,999.9, 010000,"
"875850,99999, 20170102,   78.7, 8,   64.4, 8, 1012.6, 8, 1009.7, 8,   6.2, 8,   5.8, 8,   8.9, 999.9,   96.1 ,  69.1 , 0.00I,999.9, 000000,"
"875850,99999, 20170103,   79.3, 8,   70.6, 8, 1005.3, 8, 1002.4, 8,   6.2, 8,   5.6, 8,   9.9, 999.9,   85.3 ,  74.7*, 0.39A,999.9, 010000,"
"875850,99999, 20170104,   78.4, 8,   68.9, 8, 1004.2, 8, 1001.3, 8,   6.2, 8,   2.2, 8,   5.1, 999.9,   88.2*,  72.3 , 0.00A,999.9, 000000,"
"875850,99999, 20170105,   73.1, 7,   54.7, 7, 1009.9, 7, 1007.0, 7,   6.2, 7,   2.4, 7,   7.0, 999.9,   88.9 ,  61.2 , 0.00I,999.9, 000000,"
"875850,99999, 20170106,   73.9, 8,   56.8, 8, 1016.0, 8, 1013.1, 8,   6.2, 8,   5.5, 8,   9.9, 999.9,   84.6*,  65.7 , 0.00I,999.9, 000000,"
"875850,99999, 20170107,   83.3, 8,   67.4, 8, 1010.6, 8, 1007.6, 8,   6.2, 8,   5.0, 8,   8.9, 999.9,   92.8*,  69.4 , 0.00I,999.9, 000000,"
"875850,99999, 20170108,   77.4, 8,   70.1, 8, 1008.5, 8, 1005.6, 8,   5.8, 8,   3.4, 8,   5.1, 999.9,   94.1 ,  70.2 , 1.50G,999.9, 010010,"
"875850,99999, 20170109,   78.8, 8,   71.1, 8, 1003.5, 8, 1000.6, 8,   6.1, 8,   2.5, 8,   5.1, 999.9,   87.4*,  70.0 , 0.00G,999.9, 000000,"
"875850,99999, 20170110,   70.0, 8,   58.0, 8, 1010.4, 8, 1007.4, 8,   6.2, 8,   2.6, 8,   5.1, 999.9,   90.1 ,  61.3 , 1.18G,999.9, 000000,"
"875850,99999, 20170111,   76.9, 8,   57.7, 8, 1013.9, 8, 1010.9, 8,   6.2, 8,   5.2, 8,   8.0, 999.9,   85.6*,  68.0 , 0.00G,999.9, 000000,"
"875850,99999, 20170112,   80.8, 8,   64.6, 8, 1012.4, 8, 1009.4, 8,   6.2, 8,   4.9, 8,   7.0, 999.9,   88.5*,  71.6 , 0.00I,999.9, 000000,"
"875850,99999, 20170113,   81.9, 8,   68.8, 8, 1007.0, 8, 1004.2, 8,   6.2, 8,   6.1, 8,   8.0, 999.9,   90.1 ,  78.4 ,99.99 ,999.9, 010000,"
"875850,99999, 20170114,   73.9, 8,   54.2, 8, 1011.4, 8, 1008.5, 8,   6.2, 8,   5.5, 8,   8.0, 999.9,   85.3 ,  64.4 , 0.00G,999.9, 000000,"
"875850,99999, 20170115,   73.9, 8,   65.1, 8, 1008.7, 8, 1005.8, 8,   6.2, 8,   4.0, 8,   8.0, 999.9,   82.4 ,  70.9*, 0.00B,999.9, 010000,"
"875850,99999, 20170116,   74.4, 8,   69.8, 8, 1006.7, 8, 1003.8, 8,   5.3, 8,   3.9, 8,   6.0, 999.9,   82.0*,  66.9 , 0.47G,999.9, 010000,"
"875850,99999, 20170117,   79.2, 8,   70.5, 8, 1005.3, 8, 1002.4, 8,   6.2, 8,   5.1, 8,  12.0, 999.9,   92.1*,  72.0 , 0.08G,999.9, 010000,"
"875850,99999, 20170118,   80.3, 7,   60.1, 7, 1009.3, 7, 1006.4, 7,   6.2, 7,   3.9, 7,   8.0, 999.9,   93.6 ,  68.7 , 0.00G,999.9, 000000,"
"875850,99999, 20170119,   81.0, 8,   67.5, 8, 1014.2, 8, 1011.3, 8,   6.2, 8,   5.3, 8,   8.0, 999.9,   89.1*,  74.3 , 0.00I,999.9, 000000,"
"875850,99999, 20170120,   82.7, 8,   66.6, 8, 1016.6, 8, 1013.8, 8,   6.2, 8,   6.8, 8,   9.9, 999.9,   90.5 ,  76.8 , 0.00I,999.9, 000000,"
"875850,99999, 20170121,   83.8, 8,   67.9, 8, 1016.2, 8, 1013.3, 8,   6.2, 8,   5.4, 8,   8.0, 999.9,   90.9*,  76.3 , 0.00I,999.9, 000000,"
"875850,99999, 20170122,   82.9, 8,   67.9, 8, 1014.4, 8, 1011.5, 8,   6.2, 8,   4.4, 8,   8.0, 999.9,   92.5 ,  76.3 , 0.00I,999.9, 000000,"
"875850,99999, 20170123,   80.9, 8,   67.5, 8, 1014.1, 8, 1011.2, 8,   6.2, 8,   5.0, 8,  13.0, 999.9,   87.8 ,  76.5 , 0.00I,999.9, 000000,"
"875850,99999, 20170124,   82.4, 8,   68.8, 8, 1008.5, 8, 1005.6, 8,   6.2, 8,   4.6, 8,   7.0, 999.9,   88.5 ,  76.3 , 0.00I,999.9, 000000,"
"875850,99999, 20170125,   69.8, 8,   59.1, 8, 1013.3, 8, 1010.4, 8,   6.2, 8,   5.5, 8,   9.9, 999.9,   90.9 ,  63.3 , 0.35G,999.9, 000000,"
"875850,99999, 20170126,   65.6, 8,   48.8, 8, 1020.2, 8, 1017.2, 8,   6.2, 8,   7.2, 8,  12.0, 999.9,   77.7 ,  55.4 , 0.00G,999.9, 000000,"
"875850,99999, 20170127,   70.4, 6,   54.9, 6, 1020.7, 6, 1017.7, 6,   6.2, 6,   4.3, 6,   8.9, 999.9,   77.4*,  56.7 , 0.00I,999.9, 000000,"
"875850,99999, 20170128,   75.9, 8,   59.9, 8, 1017.8, 8, 1014.9, 8,   6.2, 8,   4.6, 8,   8.0, 999.9,   84.2*,  65.8 , 0.00I,999.9, 000000,"
"875850,99999, 20170129,   80.5, 8,   63.1, 8, 1015.9, 8, 1013.0, 8,   6.2, 8,   7.1, 8,  12.0, 999.9,   87.1*,  73.4 , 0.00I,999.9, 000000,"
"875850,99999, 20170130,   84.0, 8,   70.1, 8, 1013.1, 8, 1010.1, 8,   6.2, 8,   5.6, 8,   8.0, 999.9,   93.0*,  75.9 , 0.00I,999.9, 000000,"
"875850,99999, 20170131,   81.0, 8,   71.6, 8, 1011.2, 8, 1008.3, 8,   6.2, 8,   3.9, 8,   7.0, 999.9,   95.0 ,  74.7*, 0.08G,999.9, 010010,"
"875850,99999, 20170201,   77.4, 8,   68.3, 8, 1008.2, 8, 1005.3, 8,   6.2, 8,   5.5, 8,   9.9, 999.9,   86.0*,  66.9 , 0.20G,999.9, 010000,"
"875850,99999, 20170202,   75.1, 8,   65.8, 8, 1008.3, 8, 1005.4, 8,   6.2, 8,   4.2, 8,   6.0, 999.9,   86.0 ,  67.6 , 0.00G,999.9, 000000,"
"875850,99999, 20170203,   76.1, 8,   64.1, 8, 1009.1, 8, 1006.1, 8,   6.2, 8,   4.2, 8,   8.0, 999.9,   83.3*,  66.9 , 0.00I,999.9, 000000,"
"875850,99999, 20170204,   78.1, 8,   68.6, 8, 1007.5, 8, 1004.6, 8,   6.2, 8,   5.1, 8,   7.0, 999.9,   85.8 ,  72.9 , 0.00I,999.9, 000000,"
"875850,99999, 20170205,   67.4, 8,   64.1, 8, 1002.1, 8,  999.2, 8,   5.8, 8,   5.0, 8,  11.1, 999.9,   85.3 ,  64.0*, 0.63G,999.9, 010000,"
"875850,99999, 20170206,   65.3, 8,   54.2, 8, 1013.6, 8, 1010.6, 8,   6.2, 8,   5.9, 8,  12.0, 999.9,   76.3*,  56.3 , 0.08G,999.9, 000000,"
"875850,99999, 20170207,   67.6, 8,   52.9, 8, 1014.8, 8, 1011.8, 8,   6.2, 8,   1.5, 8,   4.1, 999.9,   77.2 ,  56.3 , 0.00G,999.9, 000000,"
"875850,99999, 20170208,   73.1, 8,   60.5, 8, 1014.1, 8, 1011.2, 8,   6.2, 8,   6.0, 8,   9.9, 999.9,   81.0*,  67.1 , 0.00I,999.9, 000000,"
"875850,99999, 20170209,   75.5, 8,   63.2, 8, 1013.3, 8, 1010.4, 8,   6.2, 8,   3.8, 8,   6.0, 999.9,   83.5*,  70.0 , 0.00I,999.9, 000000,"
"875850,99999, 20170210,   75.7, 8,   68.9, 8, 1012.6, 8, 1009.6, 8,   5.8, 8,   4.2, 8,   7.0, 999.9,   84.2 ,  70.9 ,99.99 ,999.9, 010010,"
"875850,99999, 20170211,   74.2, 8,   66.7, 8, 1012.9, 8, 1009.9, 8,   6.2, 8,   4.7, 8,   8.9, 999.9,   85.3 ,  68.0 , 0.16G,999.9, 000000,"
"875850,99999, 20170212,   71.1, 8,   67.3, 8, 1011.4, 8, 1008.5, 8,   5.0, 8,   4.0, 8,   7.0, 999.9,   82.2 ,  69.3*, 0.20G,999.9, 010000,"
"875850,99999, 20170213,   69.8, 8,   67.2, 8, 1010.1, 8, 1007.2, 8,   5.8, 8,   7.1, 8,   9.9, 999.9,   77.0*,  66.0 , 1.38G,999.9, 010000,"
"875850,99999, 20170214,   72.4, 8,   69.1, 8, 1009.1, 8, 1006.2, 8,   5.9, 8,   3.6, 8,   6.0, 999.9,   78.6 ,  66.0 , 1.02G,999.9, 010000,"
"875850,99999, 20170215,   77.3, 8,   68.5, 8, 1012.3, 8, 1009.3, 8,   6.2, 8,   1.8, 8,   5.1, 999.9,   88.2*,  68.2 , 0.12G,999.9, 000000,"
"875850,99999, 20170216,   79.7, 8,   69.3, 8, 1011.8, 8, 1008.9, 8,   6.1, 8,   2.8, 8,   9.9, 999.9,   90.5 ,  72.3 , 0.00G,999.9, 010010,"
"875850,99999, 20170217,   79.5, 8,   70.7, 8, 1007.2, 8, 1004.3, 8,   6.2, 8,   5.6, 8,   8.0, 999.9,   88.9 ,  71.1 , 0.02G,999.9, 000000,"
"875850,99999, 20170218,   78.9, 8,   67.7, 8, 1008.0, 8, 1005.1, 8,   6.1, 8,   4.1, 8,   7.0, 999.9,   89.8 ,  69.4 , 0.16G,999.9, 010000,"
"875850,99999, 20170219,   78.6, 8,   69.4, 8, 1014.0, 8, 1011.1, 8,   6.2, 8,   2.5, 8,   6.0, 999.9,   88.5*,  67.3 , 0.00G,999.9, 000000,"
"875850,99999, 20170220,   82.5, 8,   70.7, 8, 1015.0, 8, 1012.1, 8,   6.2, 8,   4.2, 8,   7.0, 999.9,   90.0 ,  73.4 , 0.00I,999.9, 000000,"
"875850,99999, 20170221,   83.3, 8,   73.7, 8, 1014.1, 8, 1011.2, 8,   6.1, 8,   3.6, 8,   9.9, 999.9,   92.8*,  75.7 ,99.99 ,999.9, 010010,"
"875850,99999, 20170222,   79.0, 8,   71.4, 8, 1011.7, 8, 1008.8, 8,   6.1, 8,   3.8, 8,   8.0, 999.9,   94.3 ,  70.9 , 1.30G,999.9, 010010,"
"875850,99999, 20170223,   81.8, 8,   74.1, 8, 1010.5, 8, 1007.6, 8,   6.2, 8,   1.9, 8,   4.1, 999.9,   92.3*,  71.6 , 0.67G,999.9, 000010,"
"875850,99999, 20170224,   82.6, 8,   73.4, 8, 1010.9, 8, 1008.0, 8,   6.2, 8,   2.0, 8,   4.1, 999.9,   95.2 ,  73.2 , 0.00G,999.9, 000000,"
"875850,99999, 20170225,   83.1, 8,   72.9, 8, 1011.5, 8, 1008.6, 8,   6.2, 8,   2.2, 8,   2.9, 999.9,   91.2*,  73.0 , 0.00I,999.9, 000000,"
"875850,99999, 20170226,   84.2, 8,   74.0, 8, 1011.6, 8, 1008.7, 8,   6.2, 8,   3.3, 8,   6.0, 999.9,   94.3 ,  77.5 , 0.00I,999.9, 000000,"
"875850,99999, 20170227,   84.0, 8,   71.7, 8, 1010.0, 8, 1007.1, 8,   6.2, 8,   4.3, 8,   6.0, 999.9,   92.5*,  75.0 , 0.00I,999.9, 000000,"
"875850,99999, 20170228,   81.5, 8,   70.0, 8, 1006.1, 8, 1003.2, 8,   6.2, 8,   2.2, 8,   8.0, 999.9,   92.5 ,  72.7 , 0.00G,999.9, 000000,"
"875850,99999, 20170301,   84.1,10,   68.9,10, 1002.7,10,  999.9,10,   6.2,10,   3.0,10,   6.0, 999.9,   93.4 ,  76.3 , 0.00I,999.9, 000000,"
"875850,99999, 20170302,   84.1,22,   69.7,22, 1004.8,22, 1001.9,22,   6.2,22,   4.0,22,   8.0, 999.9,   95.4 ,  75.6 , 0.00I,999.9, 000000,"
"875850,99999, 20170303,   73.3, 8,   59.3, 8, 1011.5, 8, 1008.6, 8,   6.2, 8,   7.0, 8,   9.9, 999.9,   95.4 ,  68.0 , 0.02G,999.9, 010010,"
"875850,99999, 20170304,   70.8, 8,   57.0, 8, 1013.5, 8, 1010.6, 8,   5.8, 8,   3.5, 8,   8.0, 999.9,   76.3 ,  66.6 , 0.00G,999.9, 010000,"
"875850,99999, 20170305,   70.5, 8,   55.9, 8, 1013.8, 8, 1010.9, 8,   6.2, 8,   2.5, 8,   5.1, 999.9,   78.8*,  57.9 , 0.00G,999.9, 000000,"
"875850,99999, 20170306,   76.3, 8,   61.9, 8, 1014.2, 8, 1011.3, 8,   6.2, 8,   4.1, 8,   7.0, 999.9,   86.4*,  67.8 , 0.00I,999.9, 000000,"
"875850,99999, 20170307,   71.8, 8,   60.4, 8, 1017.3, 8, 1014.5, 8,   6.2, 8,   3.1, 8,   6.0, 999.9,   86.4 ,  62.6 , 0.00I,999.9, 000000,"
"875850,99999, 20170308,   74.7, 8,   66.8, 8, 1011.6, 8, 1008.7, 8,   6.1, 8,   7.0, 8,   9.9, 999.9,   81.3*,  68.7 , 0.00B,999.9, 010000,"
"875850,99999, 20170309,   74.9, 8,   67.7, 8, 1001.1, 8,  998.2, 8,   5.6, 8,   6.5, 8,  13.0, 999.9,   84.0 ,  68.0 , 1.65G,999.9, 010010,"
"875850,99999, 20170310,   69.4, 8,   48.7, 8, 1012.1, 8, 1009.2, 8,   6.2, 8,   5.3, 8,   8.0, 999.9,   85.1 ,  58.8 , 0.00G,999.9, 000000,"
"875850,99999, 20170311,   66.3, 8,   53.0, 8, 1014.1, 8, 1011.1, 8,   6.1, 8,   3.1, 8,   7.0, 999.9,   79.2 ,  57.7 , 0.00B,999.9, 010000,"
"875850,99999, 20170312,   67.7, 8,   49.7, 8, 1014.4, 8, 1011.5, 8,   6.2, 8,   5.8, 8,   9.9, 999.9,   75.9 ,  57.6 , 0.00G,999.9, 000000,"
"875850,99999, 20170313,   67.4, 8,   50.4, 8, 1015.3, 8, 1012.3, 8,   6.2, 8,   3.4, 8,   8.0, 999.9,   81.0*,  54.3 , 0.00I,999.9, 000000,"
"875850,99999, 20170314,   71.0, 8,   56.5, 8, 1013.9, 8, 1011.0, 8,   6.2, 8,   3.4, 8,   5.1, 999.9,   82.8 ,  59.4 , 0.00I,999.9, 000000,"
"875850,99999, 20170315,   69.6, 8,   60.6, 8, 1011.6, 8, 1008.7, 8,   5.9, 8,   3.9, 8,   7.0, 999.9,   81.9 ,  60.8*, 0.08A,999.9, 010000,"
"875850,99999, 20170316,   62.3, 7,   55.7, 7, 1016.0, 7, 1013.0, 7,   6.0, 7,   5.3, 7,   8.0, 999.9,   72.0 ,  57.2 , 1.18G,999.9, 010000,"
"875850,99999, 20170317,   61.6, 8,   50.4, 8, 1022.9, 8, 1019.9, 8,   6.2, 8,   1.8, 8,   5.1, 999.9,   73.0*,  50.7 , 0.00G,999.9, 000000,"
"875850,99999, 20170318,   64.0, 8,   55.4, 8, 1023.2, 8, 1020.2, 8,   6.2, 8,   3.0, 8,   8.0, 999.9,   75.2 ,  55.0 , 0.00I,999.9, 000000,"
"875850,99999, 20170319,   67.8, 8,   58.5, 8, 1022.5, 8, 1019.5, 8,   6.2, 8,   3.0, 8,   6.0, 999.9,   75.0*,  58.5 , 0.00I,999.9, 000000,"
"875850,99999, 20170320,   69.9, 8,   59.5, 8, 1023.3, 8, 1020.3, 8,   6.2, 8,   5.0, 8,   7.0, 999.9,   76.5 ,  63.5 , 0.00I,999.9, 000000,"
"875850,99999, 20170321,   70.9, 8,   63.1, 8, 1023.0, 8, 1020.1, 8,   6.2, 8,   3.6, 8,   6.0, 999.9,   77.0*,  66.4 , 0.00I,999.9, 000000,"
"875850,99999, 20170322,   72.2, 8,   66.0, 8, 1020.6, 8, 1017.7, 8,   6.2, 8,   4.5, 8,   7.0, 999.9,   78.1 ,  68.2 , 0.00I,999.9, 000000,"
"875850,99999, 20170323,   72.5, 7,   66.5, 7, 1016.7, 7, 1013.9, 7,   6.2, 7,   2.4, 7,   7.0, 999.9,   78.6*,  65.3 , 0.00I,999.9, 000010,"
"875850,99999, 20170324,   73.9, 8,   67.7, 8, 1014.5, 8, 1011.6, 8,   6.2, 8,   2.1, 8,   2.9, 999.9,   79.7 ,  66.4 , 0.51A,999.9, 000000,"
"875850,99999, 20170325,   75.0, 8,   68.1, 8, 1015.0, 8, 1012.1, 8,   6.2, 8,   2.6, 8,   6.0, 999.9,   82.6*,  67.6 , 0.00I,999.9, 000000,"
"875850,99999, 20170326,   73.9, 8,   66.1, 8, 1015.0, 8, 1012.0, 8,   6.2, 8,   6.5, 8,  12.0, 999.9,   83.1 ,  69.8 ,99.99 ,999.9, 010000,"
"875850,99999, 20170327,   74.7, 8,   67.7, 8, 1016.9, 8, 1014.1, 8,   6.2, 8,   5.1, 8,   8.0, 999.9,   81.0*,  70.0 , 0.00G,999.9, 000000,"
"875850,99999, 20170328,   74.3, 8,   66.1, 8, 1021.0, 8, 1018.1, 8,   6.2, 8,   5.5, 8,   8.0, 999.9,   83.3 ,  70.5 , 0.00I,999.9, 000000,"
"875850,99999, 20170329,   72.6, 8,   63.9, 8, 1019.8, 8, 1016.9, 8,   6.2, 8,   8.0, 8,  11.1, 999.9,   81.7 ,  67.6 , 0.00I,999.9, 000000,"
"875850,99999, 20170330,   72.8, 8,   64.8, 8, 1015.5, 8, 1012.6, 8,   6.2, 8,   7.5, 8,  11.1, 999.9,   80.6 ,  67.6 , 0.00I,999.9, 000000,"
"875850,99999, 20170331,   73.4, 8,   65.9, 8, 1018.6, 8, 1015.7, 8,   6.2, 8,   4.7, 8,   8.9, 999.9,   79.0*,  69.1 , 0.01G,999.9, 000000,"
"875850,99999, 20170401,   74.3, 8,   62.2, 8, 1021.7, 8, 1018.8, 8,   6.2, 8,   7.6, 8,   9.9, 999.9,   80.6 ,  68.7 , 0.00G,999.9, 000000,"
"875850,99999, 20170402,   70.3, 8,   63.1, 8, 1016.8, 8, 1013.9, 8,   6.0, 8,   7.1, 8,  12.0, 999.9,   81.3 ,  66.9*, 0.01A,999.9, 010000,"
"875850,99999, 20170403,   67.4, 8,   62.5, 8, 1014.7, 8, 1011.7, 8,   6.1, 8,   1.5, 8,   5.1, 999.9,   74.5*,  60.4 , 0.35G,999.9, 010000,"
"875850,99999, 20170404,   68.4, 8,   63.6, 8, 1011.4, 8, 1008.4, 8,   6.1, 8,   1.1, 8,   2.9, 999.9,   77.5*,  60.8 , 0.00G,999.9, 000000,"
"875850,99999, 20170405,   71.9, 8,   58.3, 8, 1010.5, 8, 1007.6, 8,   6.2, 8,   2.6, 8,   8.0, 999.9,   83.3*,  64.0 , 0.00I,999.9, 000000,"
"875850,99999, 20170406,   67.3, 8,   51.9, 8, 1015.7, 8, 1012.7, 8,   6.2, 8,   2.7, 8,   5.1, 999.9,   83.5 ,  55.2 , 0.00I,999.9, 000000,"
"875850,99999, 20170407,   70.7, 8,   56.6, 8, 1013.1, 8, 1010.1, 8,   6.2, 8,   5.6, 8,   9.9, 999.9,   78.6*,  64.9 , 0.00I,999.9, 000000,"
"875850,99999, 20170408,   72.0, 8,   64.0, 8, 1012.4, 8, 1009.5, 8,   6.1, 8,   4.6, 8,   7.0, 999.9,   79.7*,  66.0 ,99.99 ,999.9, 010000,"
"875850,99999, 20170409,   71.4, 8,   70.0, 8, 1010.4, 8, 1007.5, 8,   5.6, 8,   3.9, 8,  11.1, 999.9,   80.4 ,  68.7 , 1.50G,999.9, 010000,"
"875850,99999, 20170410,   67.9, 8,   66.7, 8, 1004.1, 8, 1001.2, 8,   5.5, 8,   6.5, 8,  12.0, 999.9,   75.6 ,  57.2*, 0.75G,999.9, 010000,"
"875850,99999, 20170411,   62.1, 8,   55.2, 8, 1013.2, 8, 1010.3, 8,   6.2, 8,   3.7, 8,   7.0, 999.9,   71.4 ,  56.3 , 0.47G,999.9, 010000,"
"875850,99999, 20170412,   59.2, 8,   46.7, 8, 1025.2, 8, 1022.2, 8,   6.2, 8,   2.8, 8,   4.1, 999.9,   73.4 ,  49.1 , 0.00G,999.9, 000000,"
"875850,99999, 20170413,   58.2, 8,   50.5, 8, 1022.2, 8, 1019.3, 8,   6.2, 8,   1.6, 8,   5.1, 999.9,   68.2 ,  50.9 , 0.00I,999.9, 000000,"
"875850,99999, 20170414,   63.2, 8,   54.2, 8, 1020.2, 8, 1017.2, 8,   6.2, 8,   2.5, 8,   5.1, 999.9,   72.0*,  54.3 , 0.00I,999.9, 000000,"
"875850,99999, 20170415,   66.1, 8,   57.8, 8, 1020.1, 8, 1017.2, 8,   6.2, 8,   2.9, 8,   5.1, 999.9,   72.1 ,  59.5 , 0.00I,999.9, 000000,"
"875850,99999, 20170416,   64.2, 8,   55.9, 8, 1024.2, 8, 1021.3, 8,   6.2, 8,   6.3, 8,  12.0, 999.9,   73.8 ,  58.5 , 0.00I,999.9, 000000,"
"875850,99999, 20170417,   60.7, 8,   54.1, 8, 1024.8, 8, 1021.9, 8,   6.1, 8,   2.6, 8,   5.1, 999.9,   70.3 ,  56.8 , 0.00G,999.9, 010000,"
"875850,99999, 20170418,   62.5, 8,   56.0, 8, 1022.6, 8, 1019.6, 8,   6.2, 8,   3.3, 8,   6.0, 999.9,   69.6 ,  56.1 , 0.00G,999.9, 000000,"
"875850,99999, 20170419,   64.7, 8,   60.3, 8, 1015.7, 8, 1012.7, 8,   5.7, 8,   3.5, 8,   6.0, 999.9,   68.4 ,  63.3 , 0.00G,999.9, 010000,"
"875850,99999, 20170420,   67.7, 8,   61.3, 8, 1009.4, 8, 1006.4, 8,   6.1, 8,   3.4, 8,   6.0, 999.9,   78.1*,  62.2 , 0.04G,999.9, 010000,"
"875850,99999, 20170421,   67.7, 8,   53.3, 8, 1010.5, 8, 1007.6, 8,   6.2, 8,   3.7, 8,   9.9, 999.9,   78.4 ,  59.7 , 0.00G,999.9, 000000,"
"875850,99999, 20170422,   58.6, 8,   47.2, 8, 1018.8, 8, 1015.8, 8,   6.2, 8,   2.0, 8,   6.0, 999.9,   78.8 ,  48.2 , 0.00I,999.9, 000000,"
"875850,99999, 20170423,   60.4, 8,   50.5, 8, 1019.5, 8, 1016.5, 8,   6.2, 8,   3.4, 8,   6.0, 999.9,   71.6*,  52.0 , 0.00I,999.9, 000000,"
"875850,99999, 20170424,   67.3, 8,   55.0, 8, 1014.7, 8, 1011.7, 8,   6.2, 8,   4.9, 8,   8.0, 999.9,   73.9 ,  58.6 , 0.00I,999.9, 000000,"
"875850,99999, 20170425,   59.3, 8,   58.2, 8, 1007.6, 8, 1004.6, 8,   5.6, 8,   2.5, 8,   8.9, 999.9,   74.1 ,  54.3*, 0.75A,999.9, 010000,"
"875850,99999, 20170426,   55.3, 8,   45.7, 8, 1006.3, 8, 1003.3, 8,   6.1, 8,   9.0, 8,  17.1, 999.9,   66.0 ,  49.1 , 1.54G,999.9, 010000,"
"875850,99999, 20170427,   58.1, 8,   41.9, 8, 1014.5, 8, 1011.5, 8,   6.2, 8,   4.8, 8,   9.9, 999.9,   75.2*,  46.8 , 0.00G,999.9, 000000,"
"875850,99999, 20170428,   65.1, 8,   49.5, 8, 1017.0, 8, 1014.0, 8,   6.2, 8,   7.0, 8,  12.0, 999.9,   79.9*,  52.0 , 0.00I,999.9, 000000,"
"875850,99999, 20170429,   66.4, 8,   54.5, 8, 1020.5, 8, 1017.5, 8,   6.2, 8,   3.6, 8,   7.0, 999.9,   80.4 ,  55.0 , 0.00I,999.9, 000000,"
"875850,99999, 20170430,   66.9, 8,   51.0, 8, 1020.9, 8, 1017.9, 8,   6.2, 8,   4.1, 8,   7.0, 999.9,   79.0*,  56.1 , 0.00I,999.9, 000000,"
"875850,99999, 20170501,   67.5, 8,   53.6, 8, 1020.1, 8, 1017.2, 8,   6.2, 8,   3.1, 8,   5.1, 999.9,   79.7 ,  54.5 , 0.00I,999.9, 000000,"
"875850,99999, 20170502,   66.2, 8,   56.0, 8, 1016.6, 8, 1013.7, 8,   6.2, 8,   4.0, 8,   8.0, 999.9,   78.8 ,  60.6 , 0.00I,999.9, 000000,"
"875850,99999, 20170503,   66.8, 8,   57.4, 8, 1018.4, 8, 1015.3, 8,   6.2, 8,   1.7, 8,   4.1, 999.9,   76.3*,  60.4 , 0.01G,999.9, 000010,"
"875850,99999, 20170504,   68.0, 8,   60.9, 8, 1016.9, 8, 1014.0, 8,   6.2, 8,   2.8, 8,   5.1, 999.9,   77.5 ,  61.2 , 0.00G,999.9, 000000,"
"875850,99999, 20170505,   68.4, 8,   62.4, 8, 1015.9, 8, 1013.0, 8,   6.2, 8,   1.7, 8,   5.1, 999.9,   78.8*,  60.8 , 0.00I,999.9, 000000,"
"875850,99999, 20170506,   67.7, 8,   61.7, 8, 1016.0, 8, 1013.1, 8,   6.2, 8,   4.6, 8,   8.0, 999.9,   79.2 ,  62.4 , 0.00I,999.9, 000000,"
"875850,99999, 20170507,   67.6, 8,   63.4, 8, 1012.0, 8, 1009.0, 8,   6.1, 8,   5.6, 8,   9.9, 999.9,   74.1 ,  64.4 , 0.24A,999.9, 010000,"
"875850,99999, 20170508,   65.8, 8,   64.9, 8, 1009.4, 8, 1006.4, 8,   5.7, 8,   3.4, 8,   8.0, 999.9,   70.5 ,  63.0*, 4.13G,999.9, 010010,"
"875850,99999, 20170509,   58.3, 8,   51.9, 8, 1019.5, 8, 1016.5, 8,   6.2, 8,   4.1, 8,   7.0, 999.9,   67.5 ,  50.9 , 0.24G,999.9, 000000,"
"875850,99999, 20170510,   56.2, 8,   46.2, 8, 1025.3, 8, 1022.3, 8,   6.2, 8,   2.7, 8,   4.1, 999.9,   68.0 ,  49.5 , 0.00G,999.9, 000000,"
"875850,99999, 20170511,   56.4, 8,   47.1, 8, 1022.3, 8, 1019.3, 8,   6.2, 8,   5.4, 8,   8.0, 999.9,   63.3 ,  53.6 , 0.00I,999.9, 000000,"
"875850,99999, 20170512,   59.7, 8,   56.0, 8, 1014.9, 8, 1011.9, 8,   5.5, 8,   4.6, 8,  11.1, 999.9,   61.3*,  55.6 , 0.43G,999.9, 010000,"
"875850,99999, 20170513,   60.8, 8,   57.4, 8, 1011.5, 8, 1008.5, 8,   5.7, 8,   2.8, 8,   4.1, 999.9,   68.9*,  55.2 , 0.20G,999.9, 000000,"
"875850,99999, 20170514,   58.9, 8,   55.6, 8, 1014.4, 8, 1011.4, 8,   6.2, 8,   1.2, 8,   2.9, 999.9,   70.0 ,  53.6 , 0.00G,999.9, 000000,"
"875850,99999, 20170515,   60.6, 8,   54.7, 8, 1018.5, 8, 1015.6, 8,   6.2, 8,   2.4, 8,   5.1, 999.9,   69.3*,  55.4 , 0.00I,999.9, 000000,"
"875850,99999, 20170516,   57.1, 8,   51.0, 8, 1019.4, 8, 1016.4, 8,   6.1, 8,   1.8, 8,   6.0, 999.9,   69.8 ,  47.7 , 0.00I,999.9, 000000,"
"875850,99999, 20170517,   59.3, 8,   52.4, 8, 1017.9, 8, 1014.9, 8,   6.2, 8,   4.0, 8,   6.0, 999.9,   70.2 ,  50.0 , 0.00I,999.9, 000000,"
"875850,99999, 20170518,   61.4, 8,   57.0, 8, 1012.8, 8, 1009.8, 8,   6.1, 8,   5.1, 8,   8.0, 999.9,   66.6 ,  57.6 , 0.00G,999.9, 010000,"
"875850,99999, 20170519,   61.8, 8,   59.0, 8, 1005.2, 8, 1002.2, 8,   5.6, 8,   4.8, 8,   9.9, 999.9,   64.6 ,  56.5*, 0.20G,999.9, 010000,"
"875850,99999, 20170520,   52.4, 8,   47.5, 8, 1008.1, 8, 1005.1, 8,   6.1, 8,   5.2, 8,   8.0, 999.9,   63.7 ,  49.1 , 0.00G,999.9, 010000,"
"875850,99999, 20170521,   54.7, 8,   50.3, 8, 1010.1, 8, 1007.1, 8,   6.1, 8,   5.5, 8,   9.9, 999.9,   63.7*,  49.3 , 0.16G,999.9, 010000,"
"875850,99999, 20170522,   59.3, 8,   50.7, 8, 1016.2, 8, 1013.2, 8,   6.2, 8,   2.4, 8,   5.1, 999.9,   69.8*,  49.8 , 0.01G,999.9, 000000,"
"875850,99999, 20170523,   62.8, 8,   53.8, 8, 1017.4, 8, 1014.5, 8,   6.2, 8,   3.6, 8,   6.0, 999.9,   70.7 ,  56.8 , 0.00G,999.9, 000000,"
"875850,99999, 20170524,   62.4, 8,   59.4, 8, 1013.0, 8, 1010.0, 8,   6.1, 8,   1.5, 8,   5.1, 999.9,   69.1 ,  58.3 , 0.00A,999.9, 010000,"
"875850,99999, 20170525,   61.0, 8,   60.0, 8, 1011.0, 8, 1008.0, 8,   6.1, 8,   1.8, 8,   4.1, 999.9,   65.5 ,  59.0 , 0.08G,999.9, 010000,"
"875850,99999, 20170526,   57.2, 8,   49.3, 8, 1018.0, 8, 1015.0, 8,   6.2, 8,   4.0, 8,   9.9, 999.9,   64.4*,  52.3 , 0.08G,999.9, 000000,"
"875850,99999, 20170527,   51.9, 8,   42.4, 8, 1028.8, 8, 1025.7, 8,   6.2, 8,   3.7, 8,   7.0, 999.9,   64.8 ,  46.0 , 0.00G,999.9, 000000,"
"875850,99999, 20170528,   53.8, 8,   46.8, 8, 1026.5, 8, 1023.4, 8,   6.1, 8,   4.2, 8,   7.0, 999.9,   59.0*,  46.9 , 0.00A,999.9, 010000,"
"875850,99999, 20170529,   54.1, 8,   50.7, 8, 1024.2, 8, 1021.2, 8,   6.0, 8,   2.7, 8,   7.0, 999.9,   59.7*,  48.9 , 0.02G,999.9, 000000,"
"875850,99999, 20170530,   52.5, 8,   46.1, 8, 1026.0, 8, 1023.0, 8,   6.2, 8,   2.6, 8,   6.0, 999.9,   62.2 ,  43.7 , 0.00G,999.9, 000000,"
"875850,99999, 20170531,   50.9, 8,   43.3, 8, 1025.1, 8, 1022.0, 8,   6.2, 8,   2.5, 8,   4.1, 999.9,   62.4 ,  45.1 , 0.00I,999.9, 000000,"
"875850,99999, 20170601,   50.8, 8,   48.4, 8, 1021.0, 8, 1017.9, 8,   5.0, 8,   1.1, 8,   1.9, 999.9,   61.2*,  45.0 , 0.00I,999.9, 100000,"
"875850,99999, 20170602,   51.2, 8,   46.3, 8, 1020.1, 8, 1017.1, 8,   5.8, 8,   1.9, 8,   6.0, 999.9,   61.5*,  42.3 , 0.00I,999.9, 000000,"
"875850,99999, 20170603,   56.6, 8,   51.8, 8, 1014.6, 8, 1011.6, 8,   6.2, 8,   3.8, 8,   6.0, 999.9,   62.8 ,  43.9 , 0.00I,999.9, 000000,"
"875850,99999, 20170604,   54.4, 8,   51.8, 8, 1015.3, 8, 1012.3, 8,   5.0, 8,   2.0, 8,   4.1, 999.9,   62.1 ,  48.4 , 0.00I,999.9, 000000,"
"875850,99999, 20170605,   47.9, 8,   37.0, 8, 1020.1, 8, 1017.0, 8,   6.2, 8,   2.1, 8,   4.1, 999.9,   61.9 ,  39.2 , 0.00I,999.9, 000000,"
"875850,99999, 20170606,   48.2, 8,   38.5, 8, 1019.2, 8, 1016.1, 8,   6.1, 8,   1.4, 8,   4.1, 999.9,   61.5*,  39.2 , 0.00I,999.9, 000000,"
"875850,99999, 20170607,   51.8, 8,   40.6, 8, 1013.5, 8, 1010.5, 8,   6.2, 8,   3.1, 8,   5.1, 999.9,   62.4 ,  40.8 , 0.00I,999.9, 000000,"
"875850,99999, 20170608,   52.7, 8,   49.6, 8, 1009.7, 8, 1006.7, 8,   6.1, 8,   3.1, 8,   7.0, 999.9,   59.4 ,  47.8 , 0.00B,999.9, 010000,"
"875850,99999, 20170609,   49.7, 8,   42.2, 8, 1015.0, 8, 1011.9, 8,   6.2, 8,   3.0, 8,   6.0, 999.9,   59.4*,  42.1 , 0.00G,999.9, 000000,"
"875850,99999, 20170610,   57.1, 8,   43.1, 8, 1011.8, 8, 1008.8, 8,   6.2, 8,   3.5, 8,   8.0, 999.9,   70.2*,  43.2 , 0.00I,999.9, 000000,"
"875850,99999, 20170611,   55.7, 8,   45.8, 8, 1014.5, 8, 1011.4, 8,   6.2, 8,   2.5, 8,   5.1, 999.9,   70.9 ,  48.7 , 0.00I,999.9, 000000,"
"875850,99999, 20170612,   47.2, 8,   35.9, 8, 1019.6, 8, 1016.6, 8,   6.2, 8,   2.1, 8,   5.1, 999.9,   66.2 ,  36.9 , 0.00I,999.9, 000000,"
"875850,99999, 20170613,   53.7, 8,   47.3, 8, 1018.3, 8, 1015.2, 8,   6.2, 8,   2.2, 8,   4.1, 999.9,   68.7*,  39.0 , 0.00I,999.9, 000000,"
"875850,99999, 20170614,   57.4, 8,   53.0, 8, 1021.7, 8, 1018.8, 8,   5.6, 8,   3.1, 8,   8.0, 999.9,   69.1 ,  48.7 , 0.00I,999.9, 000000,"
"875850,99999, 20170615,   59.2, 8,   55.7, 8, 1015.6, 8, 1012.6, 8,   6.2, 8,   7.4, 8,  11.1, 999.9,   66.2 ,  54.5 , 0.00I,999.9, 000000,"
"875850,99999, 20170616,   68.7, 8,   64.5, 8, 1006.6, 8, 1003.7, 8,   6.2, 8,   5.5, 8,   8.0, 999.9,   76.3*,  57.2 , 0.00G,999.9, 010000,"
"875850,99999, 20170617,   69.2, 8,   62.9, 8, 1002.4, 8,  999.4, 8,   6.2, 8,   5.2, 8,   8.0, 999.9,   76.3 ,  63.0*, 0.00G,999.9, 010000,"
"875850,99999, 20170618,   49.2, 8,   34.2, 8, 1014.6, 8, 1011.5, 8,   6.2, 8,   7.9, 8,  12.0, 999.9,   73.0 ,  41.7 , 0.00G,999.9, 000000,"
"875850,99999, 20170619,   44.7, 8,   31.0, 8, 1025.4, 8, 1022.3, 8,   6.2, 8,   5.0, 8,   8.9, 999.9,   54.5*,  36.1 , 0.00G,999.9, 000000,"
"875850,99999, 20170620,   44.2, 8,   34.2, 8, 1027.0, 8, 1023.9, 8,   6.2, 8,   1.7, 8,   5.1, 999.9,   55.6 ,  35.6 , 0.00I,999.9, 000000,"
"875850,99999, 20170621,   51.0, 8,   39.2, 8, 1021.7, 8, 1018.6, 8,   6.2, 8,   4.6, 8,   8.0, 999.9,   56.5 ,  38.5 , 0.00I,999.9, 000000,"
"875850,99999, 20170622,   59.5, 8,   55.3, 8, 1012.3, 8, 1009.3, 8,   6.2, 8,   5.1, 8,   8.0, 999.9,   70.0*,  48.2 , 0.00I,999.9, 000000,"
"875850,99999, 20170623,   66.9, 8,   60.6, 8, 1011.5, 8, 1008.5, 8,   6.2, 8,   4.4, 8,   7.0, 999.9,   76.6*,  57.4 , 0.00I,999.9, 000000,"
"875850,99999, 20170624,   66.1, 8,   60.6, 8, 1015.1, 8, 1012.2, 8,   6.2, 8,   2.7, 8,   6.0, 999.9,   77.5 ,  60.4 , 0.00I,999.9, 000000,"
"875850,99999, 20170625,   68.9, 8,   62.0, 8, 1015.0, 8, 1012.0, 8,   6.2, 8,   5.1, 8,   7.0, 999.9,   72.9*,  61.2 , 0.00I,999.9, 000000,"
"875850,99999, 20170626,   68.7, 8,   59.1, 8, 1013.0, 8, 1010.1, 8,   6.2, 8,   4.2, 8,   7.0, 999.9,   75.0*,  63.7 , 0.00I,999.9, 000000,"
"875850,99999, 20170627,   64.9, 8,   58.4, 8, 1010.7, 8, 1007.8, 8,   6.1, 8,   4.9, 8,   8.9, 999.9,   75.9 ,  57.6*, 0.00G,999.9, 010000,"
"875850,99999, 20170628,   54.7, 8,   52.2, 8, 1020.6, 8, 1017.6, 8,   6.1, 8,   3.0, 8,   7.0, 999.9,   68.9 ,  52.9 , 0.01G,999.9, 010000,"
"875850,99999, 20170629,   50.9, 8,   48.3, 8, 1020.6, 8, 1017.5, 8,   6.2, 8,   2.2, 8,   4.1, 999.9,   56.1 ,  44.6 , 0.00G,999.9, 000000,"
"875850,99999, 20170630,   54.5, 5,   45.6, 5, 1022.2, 5, 1019.2, 5,   6.2, 5,   2.6, 5,   4.1, 999.9,   64.0*,  47.1 , 0.00I,999.9, 000000,"
"875850,99999, 20170701,   52.8, 8,   45.6, 8, 1027.3, 8, 1024.3, 8,   6.2, 8,   2.1, 8,   5.1, 999.9,   64.0 ,  44.6 , 0.00I,999.9, 000000,"
"875850,99999, 20170702,   56.8, 8,   46.6, 8, 1029.2, 8, 1026.2, 8,   6.2, 8,   4.7, 8,   7.0, 999.9,   63.7 ,  46.4 , 0.00I,999.9, 000000,"
"875850,99999, 20170703,   57.2, 8,   47.3, 8, 1026.2, 8, 1023.2, 8,   6.2, 8,   8.8, 8,  12.0, 999.9,   64.6*,  52.2 , 0.00I,999.9, 000000,"
"875850,99999, 20170704,   59.7, 8,   52.0, 8, 1021.6, 8, 1018.6, 8,   6.2, 8,   8.8, 8,  12.0, 999.9,   66.6*,  53.1 , 0.00I,999.9, 000000,"
"875850,99999, 20170705,   58.4, 8,   53.4, 8, 1018.1, 8, 1015.1, 8,   6.1, 8,   8.6, 8,  13.0, 999.9,   67.3 ,  52.5 , 0.20A,999.9, 010000,"
"875850,99999, 20170706,   50.1, 8,   48.7, 8, 1023.0, 8, 1019.9, 8,   6.1, 8,   3.2, 8,   7.0, 999.9,   62.4 ,  46.2 , 0.28B,999.9, 010000,"
"875850,99999, 20170707,   54.0, 8,   52.9, 8, 1024.0, 8, 1021.0, 8,   5.7, 8,   4.9, 8,   8.0, 999.9,   57.4*,  49.6 , 0.20D,999.9, 010000,"
"875850,99999, 20170708,   56.5, 8,   55.4, 8, 1019.1, 8, 1016.1, 8,   5.8, 8,   3.7, 8,   8.0, 999.9,   58.6 ,  52.9*, 1.54G,999.9, 010000,"
"875850,99999, 20170709,   51.2, 8,   49.0, 8, 1020.9, 8, 1017.9, 8,   5.7, 8,   1.8, 8,   6.0, 999.9,   59.2 ,  50.4 , 0.00G,999.9, 010010,"
"875850,99999, 20170710,   50.9, 8,   49.4, 8, 1022.8, 8, 1019.8, 8,   6.0, 8,   2.8, 8,   4.1, 999.9,   54.5 ,  49.3 , 1.22G,999.9, 010000,"
"875850,99999, 20170711,   48.5, 8,   43.6, 8, 1026.4, 8, 1023.3, 8,   6.2, 8,   4.4, 8,   8.0, 999.9,   57.2*,  40.6 , 0.08G,999.9, 000000,"
"875850,99999, 20170712,   57.8, 8,   55.7, 8, 1020.1, 8, 1017.1, 8,   6.0, 8,   5.5, 8,   8.0, 999.9,   64.4*,  41.5 , 0.00G,999.9, 010000,"
"875850,99999, 20170713,   66.3, 8,   61.2, 8, 1012.0, 8, 1009.0, 8,   6.2, 8,   4.5, 8,   9.9, 999.9,   76.8*,  56.8 , 0.00I,999.9, 000000,"
"875850,99999, 20170714,   58.9, 8,   51.9, 8, 1015.0, 8, 1012.0, 8,   6.0, 8,   5.4, 8,   8.0, 999.9,   77.0 ,  54.1*, 0.01G,999.9, 010000,"
"875850,99999, 20170715,   56.9, 8,   55.4, 8, 1005.5, 8, 1002.5, 8,   4.5, 8,   5.7, 8,   9.9, 999.9,   62.6*,  51.4*, 0.12G,999.9, 110000,"
"875850,99999, 20170716,   44.6, 8,   36.8, 8, 1019.7, 8, 1016.6, 8,   6.2, 8,   8.3, 8,  12.0, 999.9,   63.3 ,  41.0 , 0.39G,999.9, 000000,"
"875850,99999, 20170717,   41.2, 8,   29.7, 8, 1029.1, 8, 1026.0, 8,   6.2, 8,   5.9, 8,   9.9, 999.9,   51.1*,  32.9 , 0.00G,999.9, 000000,"
"875850,99999, 20170718,   45.9, 8,   27.7, 8, 1028.2, 8, 1025.1, 8,   6.2, 8,   4.3, 8,   9.9, 999.9,   60.1*,  33.8 , 0.00I,999.9, 000000,"
"875850,99999, 20170719,   50.6, 8,   34.2, 8, 1022.8, 8, 1019.7, 8,   6.2, 8,   6.4, 8,   9.9, 999.9,   62.1*,  38.1 , 0.00I,999.9, 000000,"
"875850,99999, 20170720,   54.1, 8,   39.9, 8, 1017.5, 8, 1014.5, 8,   6.2, 8,   5.6, 8,   8.9, 999.9,   67.8*,  43.7 , 0.00I,999.9, 000000,"
"875850,99999, 20170721,   53.3, 8,   40.9, 8, 1020.2, 8, 1017.2, 8,   6.2, 8,   3.0, 8,   6.0, 999.9,   67.8 ,  45.0 , 0.00I,999.9, 000000,"
"875850,99999, 20170722,   55.6, 8,   45.8, 8, 1018.4, 8, 1015.4, 8,   6.2, 8,   4.4, 8,   7.0, 999.9,   64.2*,  48.0 , 0.00I,999.9, 000000,"
"875850,99999, 20170723,   57.7, 8,   49.5, 8, 1012.8, 8, 1009.7, 8,   6.2, 8,   4.2, 8,   8.0, 999.9,   64.4 ,  51.4 , 0.00I,999.9, 000000,"
"875850,99999, 20170724,   54.8, 8,   51.5, 8, 1017.5, 8, 1014.5, 8,   6.1, 8,   5.0, 8,   9.9, 999.9,   63.5 ,  49.6 , 0.47G,999.9, 010000,"
"875850,99999, 20170725,   54.2, 8,   45.9, 8, 1024.0, 8, 1021.0, 8,   6.2, 8,   4.9, 8,   7.0, 999.9,   59.5 ,  49.8 , 0.00G,999.9, 000000,"
"875850,99999, 20170726,   59.6, 8,   57.7, 8, 1020.3, 8, 1017.3, 8,   6.1, 8,   3.5, 8,   6.0, 999.9,   66.6*,  52.2 , 0.20G,999.9, 010000,"
"875850,99999, 20170727,   63.8, 8,   59.8, 8, 1018.8, 8, 1015.8, 8,   4.9, 8,   3.0, 8,   5.1, 999.9,   74.1*,  57.7 , 0.00G,999.9, 000000,"
"875850,99999, 20170728,   67.3, 8,   57.6, 8, 1014.7, 8, 1011.7, 8,   6.2, 8,   6.6, 8,   9.9, 999.9,   77.0*,  60.6 , 0.00I,999.9, 000000,"
"875850,99999, 20170729,   68.4, 8,   56.5, 8, 1015.9, 8, 1013.0, 8,   6.2, 8,   4.8, 8,   8.0, 999.9,   78.8 ,  61.7 , 0.00I,999.9, 000000,"
"875850,99999, 20170730,   54.0, 8,   49.8, 8, 1023.5, 8, 1020.5, 8,   6.1, 8,   8.6, 8,  14.0, 999.9,   75.9 ,  50.0*, 0.02A,999.9, 010000,"
"875850,99999, 20170731,   51.7, 8,   49.2, 8, 1024.2, 8, 1021.2, 8,   6.1, 8,   6.4, 8,   8.0, 999.9,   55.2*,  48.6 , 0.12G,999.9, 010000,"
"875850,99999, 20170801,   54.5, 8,   53.4, 8, 1019.0, 8, 1016.0, 8,   5.7, 8,   4.2, 8,   8.0, 999.9,   57.6*,  51.4 , 0.04G,999.9, 010000,"
"875850,99999, 20170802,   54.1, 8,   48.5, 8, 1022.3, 8, 1019.3, 8,   6.1, 8,   2.8, 8,   4.1, 999.9,   61.9*,  48.4 , 0.02G,999.9, 000000,"
"875850,99999, 20170803,   53.5, 8,   46.9, 8, 1023.8, 8, 1020.8, 8,   5.9, 8,   2.7, 8,   5.1, 999.9,   65.3*,  45.3 , 0.00G,999.9, 000000,"
"875850,99999, 20170804,   54.0, 8,   46.4, 8, 1025.4, 8, 1022.4, 8,   6.1, 8,   2.7, 8,   5.1, 999.9,   66.6 ,  44.2 , 0.00I,999.9, 000000,"
"875850,99999, 20170805,   58.1, 8,   49.6, 8, 1021.9, 8, 1019.0, 8,   6.2, 8,   5.3, 8,   9.9, 999.9,   65.1 ,  46.9 , 0.00I,999.9, 000000,"
"875850,99999, 20170806,   62.1, 8,   55.2, 8, 1017.2, 8, 1014.2, 8,   6.2, 8,   5.6, 8,   8.0, 999.9,   71.6*,  54.9 , 0.00I,999.9, 000000,"
"875850,99999, 20170807,   62.8, 8,   57.0, 8, 1014.2, 8, 1011.1, 8,   6.2, 8,   3.1, 8,   7.0, 999.9,   74.5 ,  57.0 , 0.00I,999.9, 000000,"
"875850,99999, 20170808,   57.4, 7,   52.4, 7, 1012.2, 7, 1009.2, 7,   6.2, 7,   5.8, 7,   9.9, 999.9,   69.8 ,  53.6 , 0.24G,999.9, 010000,"
"875850,99999, 20170809,   56.2, 8,   51.4, 8, 1019.3, 8, 1016.3, 8,   6.2, 8,   5.5, 8,   8.9, 999.9,   63.7 ,  53.6 , 0.00G,999.9, 000000,"
"875850,99999, 20170810,   58.1, 8,   52.4, 8, 1018.5, 8, 1015.5, 8,   6.2, 8,   7.9, 8,  18.1, 999.9,   62.6 ,  54.3 , 0.00I,999.9, 000000,"
"875850,99999, 20170811,   60.5, 8,   58.4, 8, 1010.0, 8, 1006.9, 8,   5.8, 8,   7.8, 8,  14.0, 999.9,   62.6 ,  55.4 , 0.87G,999.9, 010010,"
"875850,99999, 20170812,   59.0, 8,   57.4, 8, 1008.6, 8, 1005.5, 8,   5.7, 8,   3.2, 8,   7.0, 999.9,   63.5 ,  55.2*, 0.24G,999.9, 010000,"
"875850,99999, 20170813,   54.1, 8,   46.8, 8, 1014.8, 8, 1011.8, 8,   6.2, 8,   3.2, 8,   5.1, 999.9,   63.7*,  44.6 , 0.04G,999.9, 000000,"
"875850,99999, 20170814,   57.7, 8,   42.1, 8, 1014.0, 8, 1011.0, 8,   6.2, 8,   3.8, 8,   8.9, 999.9,   68.4*,  49.3 , 0.00G,999.9, 000000,"
"875850,99999, 20170815,   58.8, 7,   44.4, 7, 1017.4, 7, 1014.4, 7,   6.2, 7,   3.1, 7,   6.0, 999.9,   68.7 ,  50.0 , 0.00I,999.9, 000000,"
"875850,99999, 20170816,   56.0, 8,   42.5, 8, 1022.1, 8, 1019.1, 8,   6.2, 8,   2.1, 8,   2.9, 999.9,   70.9 ,  46.8 , 0.00I,999.9, 000000,"
"875850,99999, 20170817,   58.2, 8,   45.1, 8, 1017.4, 8, 1014.4, 8,   6.2, 8,   5.0, 8,   7.0, 999.9,   72.5*,  48.6 , 0.00I,999.9, 000000,"
"875850,99999, 20170818,   63.9, 8,   49.2, 8, 1010.5, 8, 1007.5, 8,   6.2, 8,   6.4, 8,   8.9, 999.9,   73.0 ,  54.9 , 0.00I,999.9, 000000,"
"875850,99999, 20170819,   60.1, 8,   51.6, 8, 1009.9, 8, 1006.9, 8,   5.9, 8,   3.7, 8,  11.1, 999.9,   72.9 ,  53.1 , 0.39G,999.9, 010000,"
"875850,99999, 20170820,   54.1, 8,   37.4, 8, 1022.6, 8, 1019.6, 8,   6.2, 8,   4.2, 8,   8.0, 999.9,   62.8*,  44.6 , 0.02G,999.9, 000000,"
"875850,99999, 20170821,   52.5, 7,   38.7, 7, 1027.6, 7, 1024.5, 7,   6.2, 7,   4.1, 7,   8.9, 999.9,   63.7*,  41.2 , 0.00G,999.9, 000000,"
"875850,99999, 20170822,   56.1, 8,   40.3, 8, 1018.3, 8, 1015.3, 8,   6.2, 8,  11.6, 8,  15.0, 999.9,   64.4 ,  50.0 , 0.00I,999.9, 000000,"
"875850,99999, 20170823,   61.9, 8,   51.5, 8, 1011.9, 8, 1008.9, 8,   6.2, 8,   7.5, 8,  17.1, 999.9,   70.0*,  50.4 , 0.00I,999.9, 000000,"
"875850,99999, 20170824,   67.1, 8,   62.8, 8, 1009.2, 8, 1006.3, 8,   6.0, 8,   3.1, 8,   5.1, 999.9,   73.8*,  57.6 , 0.04G,999.9, 010000,"
"875850,99999, 20170825,   65.7, 8,   64.7, 8, 1007.9, 8, 1005.0, 8,   5.8, 8,   2.5, 8,   5.1, 999.9,   75.2 ,  62.4*, 0.12G,999.9, 010010,"
"875850,99999, 20170826,   57.9, 8,   56.9, 8, 1014.2, 8, 1011.1, 8,   5.7, 8,   4.8, 8,   7.0, 999.9,   70.7 ,  55.8*, 0.79G,999.9, 010000,"
"875850,99999, 20170827,   59.3, 8,   57.9, 8, 1016.5, 8, 1013.5, 8,   5.3, 8,   3.9, 8,   5.1, 999.9,   64.4*,  55.8 , 0.02G,999.9, 010000,"
"875850,99999, 20170828,   63.9, 8,   61.2, 8, 1013.1, 8, 1010.1, 8,   6.1, 8,   4.6, 8,   8.0, 999.9,   73.9*,  58.1 , 0.00G,999.9, 000000,"
"875850,99999, 20170829,   66.0, 8,   63.9, 8, 1008.5, 8, 1005.6, 8,   6.1, 8,   4.3, 8,  12.0, 999.9,   73.9 ,  57.9*, 0.12G,999.9, 010010,"
"875850,99999, 20170830,   53.6, 8,   44.0, 8, 1020.9, 8, 1017.9, 8,   6.1, 8,   6.7, 8,  13.0, 999.9,   71.1 ,  45.1 , 0.01G,999.9, 010000,"
"875850,99999, 20170831,   54.5, 8,   45.2, 8, 1024.8, 8, 1021.8, 8,   6.2, 8,   4.9, 8,   9.9, 999.9,   63.7 ,  46.4 , 0.00G,999.9, 000000,"
"875850,99999, 20170901,   61.9, 8,   53.7, 8, 1016.9, 8, 1013.9, 8,   6.2, 8,   6.5, 8,   8.0, 999.9,   70.5*,  55.0 , 0.00I,999.9, 000000,"
"875850,99999, 20170902,   69.1, 8,   64.9, 8, 1012.8, 8, 1009.8, 8,   6.2, 8,   3.9, 8,   7.0, 999.9,   75.6*,  59.0 , 0.00I,999.9, 000000,"
"875850,99999, 20170903,   63.1, 8,   61.3, 8, 1011.0, 8, 1008.0, 8,   5.9, 8,   4.4, 8,   8.0, 999.9,   77.0 ,  57.2*, 0.08G,999.9, 010010,"
"875850,99999, 20170904,   55.9, 8,   49.9, 8, 1018.0, 8, 1015.0, 8,   6.0, 8,   8.3, 8,  12.0, 999.9,   70.5 ,  50.4 , 0.31G,999.9, 010000,"
"875850,99999, 20170905,   54.2, 8,   40.0, 8, 1026.1, 8, 1023.1, 8,   6.2, 8,   4.2, 8,   8.0, 999.9,   62.2 ,  42.6 , 0.00G,999.9, 000000,"
"875850,99999, 20170906,   57.6, 8,   46.6, 8, 1021.5, 8, 1018.6, 8,   6.2, 8,   5.2, 8,   8.0, 999.9,   63.0 ,  51.4 , 0.00I,999.9, 000000,"
"875850,99999, 20170907,   59.2, 8,   50.9, 8, 1018.1, 8, 1015.1, 8,   6.2, 8,   3.9, 8,   7.0, 999.9,   68.9*,  50.5 , 0.00I,999.9, 000000,"
"875850,99999, 20170908,   58.1, 8,   54.5, 8, 1015.4, 8, 1012.4, 8,   6.1, 8,   4.1, 8,   6.0, 999.9,   70.0 ,  52.5 , 0.00I,999.9, 000000,"
"875850,99999, 20170909,   62.6, 8,   60.6, 8, 1013.2, 8, 1010.2, 8,   5.9, 8,   6.0, 8,  12.0, 999.9,   66.2*,  53.2 , 1.89G,999.9, 010010,"
"875850,99999, 20170910,   63.8, 8,   62.0, 8, 1006.4, 8, 1003.4, 8,   6.0, 8,   5.6, 8,  12.0, 999.9,   67.5 ,  61.7 , 2.32G,999.9, 010010,"
"875850,99999, 20170911,   55.8, 8,   49.8, 8, 1005.9, 8, 1002.9, 8,   6.0, 8,   9.6, 8,  15.0, 999.9,   65.3 ,  48.9 , 0.98G,999.9, 010000,"
"875850,99999, 20170912,   56.2, 8,   43.9, 8, 1023.3, 8, 1020.2, 8,   6.2, 8,   2.7, 8,   6.0, 999.9,   65.7*,  45.1 , 0.00G,999.9, 000000,"
"875850,99999, 20170913,   58.0, 8,   50.4, 8, 1019.8, 8, 1016.8, 8,   6.2, 8,   3.3, 8,   9.9, 999.9,   67.1 ,  49.1 , 0.00I,999.9, 000000,"
"875850,99999, 20170914,   63.1, 8,   54.6, 8, 1013.4, 8, 1010.4, 8,   6.2, 8,   2.7, 8,   5.1, 999.9,   73.4*,  54.9 , 0.00I,999.9, 000000,"
"875850,99999, 20170915,   57.9, 8,   46.5, 8, 1027.0, 8, 1024.0, 8,   6.2, 8,   4.7, 8,   7.0, 999.9,   75.7 ,  51.6 , 0.00I,999.9, 000000,"
"875850,99999, 20170916,   57.7, 8,   46.0, 8, 1030.9, 8, 1027.8, 8,   6.2, 8,   3.4, 8,   6.0, 999.9,   64.0*,  50.2 , 0.00I,999.9, 000000,"
"875850,99999, 20170917,   59.9, 8,   50.8, 8, 1027.4, 8, 1024.4, 8,   6.2, 8,   2.5, 8,   6.0, 999.9,   68.0*,  49.1 , 0.00I,999.9, 000000,"
"875850,99999, 20170918,   63.0, 8,   53.4, 8, 1023.0, 8, 1020.1, 8,   6.2, 8,   4.3, 8,   6.0, 999.9,   70.2*,  55.0 , 0.00I,999.9, 000000,"
"875850,99999, 20170919,   64.5, 8,   56.9, 8, 1018.4, 8, 1015.4, 8,   6.2, 8,   5.0, 8,   8.0, 999.9,   71.8 ,  57.0 , 0.00I,999.9, 000000,"
"875850,99999, 20170920,   69.6, 8,   62.8, 8, 1013.0, 8, 1010.0, 8,   6.2, 8,   6.0, 8,   9.9, 999.9,   78.8*,  62.2 , 0.00I,999.9, 000000,"
"875850,99999, 20170921,   54.5, 8,   50.0, 8, 1021.9, 8, 1018.9, 8,   5.8, 8,   7.2, 8,   9.9, 999.9,   79.9 ,  49.8*, 0.39G,999.9, 010000,"
"875850,99999, 20170922,   54.2, 8,   45.8, 8, 1021.4, 8, 1018.3, 8,   6.2, 8,   3.9, 8,   6.0, 999.9,   66.9*,  45.9 , 0.63G,999.9, 010000,"
"875850,99999, 20170923,   58.1, 8,   47.4, 8, 1023.0, 8, 1020.0, 8,   6.2, 8,   2.1, 8,   8.0, 999.9,   72.7*,  46.2 , 0.00G,999.9, 000000,"
"875850,99999, 20170924,   63.6, 8,   52.7, 8, 1021.3, 8, 1018.3, 8,   6.2, 8,   5.2, 8,   9.9, 999.9,   72.7 ,  55.4 , 0.00I,999.9, 000000,"
"875850,99999, 20170925,   66.5, 8,   57.3, 8, 1019.2, 8, 1016.2, 8,   6.2, 8,   2.8, 8,   7.0, 999.9,   75.6*,  57.6 , 0.00I,999.9, 000000,"
"875850,99999, 20170926,   59.4, 8,   51.7, 8, 1019.8, 8, 1016.8, 8,   6.1, 8,   6.7, 8,  12.0, 999.9,   77.2 ,  50.4*, 0.00H,999.9, 010000,"
"875850,99999, 20170927,   54.0, 8,   48.1, 8, 1021.3, 8, 1018.3, 8,   5.9, 8,   6.1, 8,   8.0, 999.9,   60.6*,  48.0 , 0.79G,999.9, 010000,"
"875850,99999, 20170928,   56.1, 8,   49.4, 8, 1025.5, 8, 1022.5, 8,   6.2, 8,   4.6, 8,   8.0, 999.9,   64.6*,  48.9 , 0.00G,999.9, 000000,"
"875850,99999, 20170929,   59.9, 8,   52.1, 8, 1021.4, 8, 1018.4, 8,   6.2, 8,   4.8, 8,   7.0, 999.9,   65.1 ,  55.6 , 0.00I,999.9, 000000,"
"875850,99999, 20170930,   64.2, 8,   59.6, 8, 1008.9, 8, 1005.9, 8,   6.2, 8,   4.2, 8,   7.0, 999.9,   70.5*,  58.5 , 0.00I,999.9, 000000,"
"875850,99999, 20171001,   61.5, 8,   58.7, 8, 1000.6, 8,  997.7, 8,   5.7, 8,   5.0, 8,   9.9, 999.9,   72.7 ,  54.5 , 1.93G,999.9, 010010,"
"875850,99999, 20171002,   57.9, 8,   51.1, 8, 1003.9, 8, 1000.9, 8,   6.2, 8,   4.7, 8,   8.0, 999.9,   66.6*,  51.1 , 0.24G,999.9, 010010,"
"875850,99999, 20171003,   62.2, 8,   46.7, 8, 1007.7, 8, 1004.6, 8,   6.1, 8,   5.1, 8,  12.0, 999.9,   71.6*,  51.1 , 0.01G,999.9, 010000,"
"875850,99999, 20171004,   68.4, 8,   49.3, 8, 1004.7, 8, 1001.8, 8,   6.2, 8,   9.3, 8,  21.0, 999.9,   79.3*,  54.7 , 0.00G,999.9, 000000,"
"875850,99999, 20171005,   71.5, 8,   54.6, 8, 1001.0, 8,  998.1, 8,   6.2, 8,   6.5, 8,  12.0, 999.9,   80.1 ,  64.0 , 0.00I,999.9, 000000,"
"875850,99999, 20171006,   64.2, 8,   47.9, 8, 1016.0, 8, 1013.1, 8,   6.2, 8,   3.1, 8,   7.0, 999.9,   77.0 ,  54.1 , 0.00I,999.9, 000000,"
"875850,99999, 20171007,   61.2, 8,   46.5, 8, 1024.0, 8, 1021.0, 8,   6.2, 8,   7.1, 8,   9.9, 999.9,   77.2 ,  56.3 , 0.00I,999.9, 000000,"
"875850,99999, 20171008,   63.4, 8,   51.5, 8, 1015.7, 8, 1012.7, 8,   6.1, 8,   7.0, 8,  12.0, 999.9,   69.8*,  56.8 ,99.99 ,999.9, 010010,"
"875850,99999, 20171009,   65.4, 8,   56.2, 8, 1011.0, 8, 1008.0, 8,   6.1, 8,   4.2, 8,   7.0, 999.9,   74.1*,  58.1 , 0.02G,999.9, 010010,"
"875850,99999, 20171010,   61.4, 8,   47.2, 8, 1015.4, 8, 1012.4, 8,   6.2, 8,   2.0, 8,   4.1, 999.9,   74.3 ,  54.5 , 0.00G,999.9, 010000,"
"875850,99999, 20171011,   62.0, 8,   48.5, 8, 1018.3, 8, 1015.4, 8,   6.2, 8,   6.1, 8,   9.9, 999.9,   69.8 ,  54.5 , 0.00G,999.9, 000000,"
"875850,99999, 20171012,   56.2, 8,   49.5, 8, 1021.2, 8, 1018.2, 8,   5.5, 8,   7.6, 8,  13.0, 999.9,   68.0 ,  52.7 , 0.59G,999.9, 010000,"
"875850,99999, 20171013,   56.3, 8,   46.5, 8, 1021.5, 8, 1018.5, 8,   6.2, 8,   5.1, 8,   8.0, 999.9,   64.6*,  51.1 , 0.04G,999.9, 010000,"
"875850,99999, 20171014,   60.3, 8,   45.9, 8, 1020.9, 8, 1017.9, 8,   6.2, 8,   3.0, 8,   7.0, 999.9,   73.8*,  47.3 , 0.00G,999.9, 000000,"
"875850,99999, 20171015,   66.3, 8,   50.7, 8, 1020.4, 8, 1017.5, 8,   6.2, 8,   2.3, 8,   4.1, 999.9,   77.0*,  51.6 , 0.00I,999.9, 000000,"
"875850,99999, 20171016,   70.3, 8,   55.0, 8, 1016.0, 8, 1013.1, 8,   6.2, 8,   5.7, 8,   9.9, 999.9,   80.2*,  63.0 , 0.00I,999.9, 000000,"
"875850,99999, 20171017,   71.4, 8,   63.6, 8, 1011.3, 8, 1008.4, 8,   6.2, 8,   3.2, 8,   8.9, 999.9,   81.5 ,  66.2 , 0.00I,999.9, 000000,"
"875850,99999, 20171018,   68.4, 8,   65.0, 8, 1008.2, 8, 1005.3, 8,   6.0, 8,   4.1, 8,   8.0, 999.9,   77.0 ,  63.7 , 0.00I,999.9, 000000,"
"875850,99999, 20171019,   62.4, 8,   50.6, 8, 1014.5, 8, 1011.6, 8,   6.1, 8,   5.0, 8,  12.0, 999.9,   74.7 ,  53.2 , 0.39G,999.9, 010010,"
"875850,99999, 20171020,   63.9, 8,   52.2, 8, 1014.0, 8, 1011.0, 8,   6.2, 8,   5.0, 8,   8.0, 999.9,   76.6*,  54.9 , 0.00G,999.9, 000000,"
"875850,99999, 20171021,   63.5, 8,   52.3, 8, 1014.3, 8, 1011.4, 8,   6.0, 8,   6.9, 8,  14.0, 999.9,   77.0 ,  56.1 , 0.00G,999.9, 010000,"
"875850,99999, 20171022,   54.8, 8,   44.7, 8, 1023.5, 8, 1020.5, 8,   6.2, 8,   4.9, 8,   8.0, 999.9,   68.7 ,  46.6 , 0.08G,999.9, 010000,"
"875850,99999, 20171023,   59.7, 8,   46.1, 8, 1020.4, 8, 1017.4, 8,   6.2, 8,   5.1, 8,   8.9, 999.9,   69.1*,  52.3 , 0.00G,999.9, 000000,"
"875850,99999, 20171024,   67.3, 8,   51.9, 8, 1016.2, 8, 1013.2, 8,   6.2, 8,   4.1, 8,   8.0, 999.9,   75.2*,  58.8 , 0.00G,999.9, 000000,"
"875850,99999, 20171025,   69.4, 8,   56.2, 8, 1013.5, 8, 1010.5, 8,   6.2, 8,   3.1, 8,   6.0, 999.9,   80.1*,  57.9 , 0.00I,999.9, 000000,"
"875850,99999, 20171026,   71.4, 8,   58.5, 8, 1010.7, 8, 1007.8, 8,   6.2, 8,   4.1, 8,   8.0, 999.9,   81.1 ,  62.2 , 0.00I,999.9, 000000,"
"875850,99999, 20171027,   64.3, 8,   59.5, 8, 1009.3, 8, 1006.4, 8,   6.0, 8,   6.6, 8,   8.9, 999.9,   81.5 ,  59.5 , 0.35G,999.9, 010000,"
"875850,99999, 20171028,   63.1, 8,   55.5, 8, 1010.5, 8, 1007.4, 8,   6.2, 8,   3.5, 8,   5.1, 999.9,   70.5*,  53.4 , 0.03G,999.9, 000000,"
"875850,99999, 20171029,   69.0, 8,   61.5, 8, 1009.6, 8, 1006.7, 8,   6.2, 8,   5.2, 8,   9.9, 999.9,   77.5*,  64.4 , 0.00G,999.9, 000000,"
"875850,99999, 20171030,   66.6, 8,   54.8, 8, 1012.1, 8, 1009.1, 8,   6.1, 8,   3.1, 8,   6.0, 999.9,   79.3 ,  56.1 , 1.10G,999.9, 010000,"
"875850,99999, 20171031,   66.8, 8,   44.9, 8, 1016.5, 8, 1013.5, 8,   6.2, 8,   1.6, 8,   1.9, 999.9,   80.1*,  52.9 , 0.00G,999.9, 000000,"
"875850,99999, 20171101,   69.9, 8,   54.0, 8, 1016.4, 8, 1013.4, 8,   6.2, 8,   3.5, 8,   7.0, 999.9,   80.4 ,  65.7 , 0.00I,999.9, 000000,"
"875850,99999, 20171102,   67.0, 8,   56.3, 8, 1011.0, 8, 1008.0, 8,   6.1, 8,   6.0, 8,  13.0, 999.9,   77.2 ,  59.0*, 0.55A,999.9, 010010,"
"875850,99999, 20171103,   67.6, 8,   58.6, 8, 1008.8, 8, 1005.9, 8,   6.2, 8,   4.0, 8,   8.0, 999.9,   77.7*,  58.5 , 0.00I,999.9, 000000,"
"875850,99999, 20171104,   67.4, 8,   49.8, 8, 1012.8, 8, 1009.9, 8,   6.2, 8,   4.2, 8,   8.9, 999.9,   78.4 ,  56.1 , 0.00I,999.9, 000000,"
"875850,99999, 20171105,   68.9, 8,   53.9, 8, 1017.3, 8, 1014.4, 8,   6.2, 8,   4.1, 8,   9.9, 999.9,   77.2 ,  63.3 , 0.00I,999.9, 000000,"
"875850,99999, 20171106,   70.6, 7,   56.1, 7, 1018.0, 7, 1015.1, 7,   6.2, 7,   3.8, 7,   8.0, 999.9,   77.0 ,  61.9 , 0.00I,999.9, 000000,"
"875850,99999, 20171107,   69.3, 8,   59.5, 8, 1015.5, 8, 1012.6, 8,   6.1, 8,   4.4, 8,   5.1, 999.9,   79.9 ,  66.9 , 0.00B,999.9, 010000,"
"875850,99999, 20171108,   71.7, 8,   62.4, 8, 1010.8, 8, 1007.8, 8,   6.2, 8,   4.8, 8,   8.9, 999.9,   78.8*,  65.5 , 0.00G,999.9, 010000,"
"875850,99999, 20171109,   71.8, 8,   55.0, 8, 1011.1, 8, 1008.1, 8,   6.2, 8,   5.9, 8,   9.9, 999.9,   82.4*,  60.4 , 0.00I,999.9, 000000,"
"875850,99999, 20171110,   73.5, 8,   53.2, 8, 1011.1, 8, 1008.2, 8,   6.2, 8,   3.5, 8,   8.0, 999.9,   85.6*,  62.8 , 0.00I,999.9, 000000,"
"875850,99999, 20171111,   68.3, 8,   48.5, 8, 1012.1, 8, 1009.2, 8,   6.2, 8,   6.1, 8,   9.9, 999.9,   86.4 ,  56.3 , 0.00I,999.9, 000000,"
"875850,99999, 20171112,   68.9, 8,   49.2, 8, 1011.8, 8, 1008.8, 8,   6.2, 8,   2.1, 8,   6.0, 999.9,   79.7*,  53.6 , 0.00I,999.9, 000000,"
"875850,99999, 20171113,   75.9, 7,   54.0, 7, 1012.4, 7, 1009.4, 7,   6.2, 7,   4.2, 7,   8.0, 999.9,   87.4*,  64.8 , 0.00I,999.9, 000000,"
"875850,99999, 20171114,   76.0, 8,   59.0, 8, 1010.4, 8, 1007.5, 8,   6.2, 8,   5.3, 8,   7.0, 999.9,   90.0 ,  66.6 , 0.00I,999.9, 000000,"
"875850,99999, 20171115,   79.5, 8,   60.4, 8, 1002.5, 8,  999.6, 8,   6.1, 8,   4.9, 8,   9.9, 999.9,   92.1*,  73.0 , 0.00I,999.9, 000000,"
"875850,99999, 20171116,   63.0, 8,   50.0, 8, 1012.5, 8, 1009.5, 8,   6.2, 8,   4.8, 8,  12.0, 999.9,   71.6*,  52.5 , 0.08G,999.9, 000010,"
"875850,99999, 20171117,   70.1, 8,   53.2, 8, 1008.5, 8, 1005.5, 8,   6.2, 8,   7.0, 8,   9.9, 999.9,   79.2*,  61.2 , 0.00G,999.9, 000000,"
"875850,99999, 20171118,   60.8, 8,   43.6, 8, 1011.5, 8, 1008.5, 8,   6.2, 8,   7.2, 8,   9.9, 999.9,   81.9 ,  50.0 , 0.00I,999.9, 000000,"
"875850,99999, 20171119,   66.7, 8,   42.2, 8, 1008.0, 8, 1005.0, 8,   6.2, 8,   5.2, 8,   9.9, 999.9,   80.2*,  54.1*, 0.00I,999.9, 000000,"
"875850,99999, 20171120,   58.8, 8,   50.5, 8, 1013.5, 8, 1010.6, 8,   6.0, 8,   5.6, 8,   8.0, 999.9,   82.8 ,  56.5*, 0.00G,999.9, 010000,"
"875850,99999, 20171121,   61.3, 8,   48.6, 8, 1016.3, 8, 1013.4, 8,   6.2, 8,   4.0, 8,   8.0, 999.9,   68.0*,  53.8 , 0.75G,999.9, 000000,"
"875850,99999, 20171122,   67.0, 8,   50.0, 8, 1014.4, 8, 1011.4, 8,   6.2, 8,   7.0, 8,  13.0, 999.9,   78.6*,  56.8 , 0.00G,999.9, 000000,"
"875850,99999, 20171123,   74.3, 8,   52.3, 8, 1005.8, 8, 1002.8, 8,   6.2, 8,   6.6, 8,  13.0, 999.9,   84.6*,  64.4 , 0.00G,999.9, 010000,"
"875850,99999, 20171124,   60.3, 8,   41.4, 8, 1015.8, 8, 1012.8, 8,   6.2, 8,   5.5, 8,  14.0, 999.9,   87.3 ,  50.0 , 0.00G,999.9, 000000,"
"875850,99999, 20171125,   64.6, 8,   46.9, 8, 1017.5, 8, 1014.5, 8,   6.2, 8,   3.4, 8,   7.0, 999.9,   74.5*,  53.4 , 0.00I,999.9, 000000,"
"875850,99999, 20171126,   69.4, 4,   53.8, 4, 1012.2, 4, 1009.2, 4,   6.2, 4,   4.0, 4,   6.0, 999.9,   80.4*,  63.1 , 0.00I,999.9, 000000,"
"875850,99999, 20171127,   70.6, 8,   50.7, 8, 1013.1, 8, 1010.2, 8,   6.2, 8,   5.9, 8,   9.9, 999.9,   84.9 ,  63.3 , 0.00I,999.9, 000000,"
"875850,99999, 20171128,   61.1, 8,   46.5, 8, 1022.0, 8, 1019.0, 8,   6.2, 8,   3.9, 8,   8.0, 999.9,   75.0 ,  52.2 , 0.00I,999.9, 000000,"
"875850,99999, 20171129,   69.6, 8,   57.1, 8, 1016.2, 8, 1013.2, 8,   6.2, 8,   4.5, 8,   8.0, 999.9,   79.5*,  61.5 , 0.00I,999.9, 000000,"
"875850,99999, 20171130,   72.4, 8,   57.5, 8, 1013.1, 8, 1010.1, 8,   6.2, 8,   5.5, 8,   8.0, 999.9,   81.3*,  65.1 , 0.00I,999.9, 000000,"
"875850,99999, 20171201,   72.1, 8,   60.0, 8, 1013.1, 8, 1010.2, 8,   6.2, 8,   5.6, 8,   8.0, 999.9,   83.1 ,  65.8 , 0.00I,999.9, 000000,"
"875850,99999, 20171202,   72.7, 8,   61.9, 8, 1012.9, 8, 1010.0, 8,   6.2, 8,   5.4, 8,   7.0, 999.9,   79.9 ,  67.6 , 0.00I,999.9, 000000,"
"875850,99999, 20171203,   69.9, 8,   64.8, 8, 1012.2, 8, 1009.3, 8,   5.9, 8,   4.3, 8,   9.9, 999.9,   80.6 ,  65.1 , 0.01G,999.9, 010000,"
"875850,99999, 20171204,   67.3, 8,   59.6, 8, 1018.6, 8, 1015.7, 8,   6.2, 8,   5.9, 8,   9.9, 999.9,   77.7 ,  60.8 , 0.63G,999.9, 010000,"
"875850,99999, 20171205,   70.3, 8,   59.5, 8, 1019.1, 8, 1016.2, 8,   6.2, 8,   4.9, 8,   8.0, 999.9,   79.9*,  64.0 , 0.00G,999.9, 000000,"
"875850,99999, 20171206,   75.2, 8,   63.3, 8, 1013.1, 8, 1010.2, 8,   6.2, 8,   6.0, 8,   8.0, 999.9,   83.8*,  68.4 , 0.00I,999.9, 000000,"
"875850,99999, 20171207,   75.4, 8,   65.2, 8, 1009.6, 8, 1006.7, 8,   6.2, 8,   2.7, 8,   6.0, 999.9,   86.2 ,  64.0 , 0.00G,999.9, 000000,"
"875850,99999, 20171208,   77.7, 8,   65.6, 8, 1007.6, 8, 1004.7, 8,   6.2, 8,   4.4, 8,   8.0, 999.9,   91.9*,  69.3 , 0.00G,999.9, 000000,"
"875850,99999, 20171209,   83.9, 8,   61.6, 8, 1006.0, 8, 1003.1, 8,   6.2, 8,   4.1, 8,   8.0, 999.9,   97.9*,  71.6 , 0.00I,999.9, 000000,"
"875850,99999, 20171210,   77.1, 8,   54.3, 8, 1006.4, 8, 1003.5, 8,   6.2, 8,   6.0, 8,   9.9, 999.9,   99.0 ,  61.3 , 0.00I,999.9, 000000,"
"875850,99999, 20171211,   65.7, 8,   49.4, 8, 1015.4, 8, 1012.4, 8,   6.2, 8,   6.2, 8,   9.9, 999.9,   92.1 ,  53.6 , 0.00I,999.9, 000000,"
"875850,99999, 20171212,   72.5, 8,   56.3, 8, 1013.4, 8, 1010.5, 8,   6.2, 8,   6.3, 8,   9.9, 999.9,   84.6*,  63.7 , 0.00I,999.9, 000000,"
"875850,99999, 20171213,   77.2, 8,   61.3, 8, 1010.7, 8, 1007.7, 8,   6.1, 8,   3.6, 8,  11.1, 999.9,   89.2*,  65.3 ,99.99 ,999.9, 010000,"
"875850,99999, 20171214,   76.8, 8,   63.3, 8, 1011.0, 8, 1008.1, 8,   6.2, 8,   4.4, 8,   9.9, 999.9,   93.6*,  64.4 , 0.12G,999.9, 010000,"
"875850,99999, 20171215,   83.0, 8,   58.1, 8, 1009.9, 8, 1007.0, 8,   5.5, 8,   3.4, 8,   8.0, 999.9,   94.1 ,  68.0 , 0.00G,999.9, 000000,"
"875850,99999, 20171216,   82.1, 8,   62.8, 8, 1004.2, 8, 1001.4, 8,   6.1, 8,   5.6, 8,   9.9, 999.9,   94.3 ,  74.3*, 0.01A,999.9, 010010,"
"875850,99999, 20171217,   70.8, 8,   58.2, 8, 1008.0, 8, 1005.1, 8,   5.2, 8,   7.4, 8,  12.0, 999.9,   88.0 ,  61.0 , 1.89G,999.9, 010010,"
"875850,99999, 20171218,   65.6, 8,   49.0, 8, 1022.6, 8, 1019.6, 8,   6.2, 8,   5.4, 8,  11.1, 999.9,   73.8 ,  61.2 , 0.00G,999.9, 000000,"
"875850,99999, 20171219,   65.2, 8,   58.4, 8, 1019.3, 8, 1016.3, 8,   6.0, 8,   6.2, 8,   9.9, 999.9,   71.8 ,  62.1*, 0.01G,999.9, 010000,"
"875850,99999, 20171220,   70.1, 8,   62.6, 8, 1014.0, 8, 1011.1, 8,   6.2, 8,   4.2, 8,   8.0, 999.9,   81.0*,  61.0 , 0.47G,999.9, 000000,"
"875850,99999, 20171221,   78.9, 8,   69.6, 8, 1009.4, 8, 1006.5, 8,   6.2, 8,   5.1, 8,   8.9, 999.9,   88.7*,  70.9 , 0.00G,999.9, 000000,"
"875850,99999, 20171222,   82.2, 8,   70.2, 8, 1007.4, 8, 1004.5, 8,   6.2, 8,   7.1, 8,  15.9, 999.9,   89.6*,  72.5 , 0.02G,999.9, 000010,"
"875850,99999, 20171223,   72.0, 8,   63.3, 8, 1009.3, 8, 1006.4, 8,   6.1, 8,   3.6, 8,   7.0, 999.9,   91.2 ,  66.6 , 0.43G,999.9, 010010,"
"875850,99999, 20171224,   66.4, 8,   48.5, 8, 1016.5, 8, 1013.5, 8,   6.2, 8,   6.2, 8,  14.0, 999.9,   75.7 ,  54.1 , 0.00G,999.9, 000000,"
"875850,99999, 20171225,   76.5, 8,   57.2, 8, 1011.7, 8, 1008.7, 8,   6.2, 8,   4.5, 8,   8.0, 999.9,   90.3*,  64.8 , 0.00I,999.9, 000000,"
"875850,99999, 20171226,   84.0, 8,   62.1, 8, 1009.3, 8, 1006.5, 8,   6.2, 8,   5.8, 8,   8.0, 999.9,   92.5*,  75.2 , 0.00I,999.9, 000000,"
"875850,99999, 20171227,   81.1, 8,   66.2, 8, 1013.2, 8, 1010.3, 8,   6.1, 8,   1.6, 8,   5.1, 999.9,   93.9 ,  72.1 , 0.00G,999.9, 010000,"
"875850,99999, 20171228,   82.4, 8,   63.9, 8, 1012.7, 8, 1009.8, 8,   6.2, 8,   3.7, 8,   6.0, 999.9,   93.7*,  73.6 , 0.00I,999.9, 000000,"
"875850,99999, 20171229,   86.4, 8,   65.4, 8, 1009.4, 8, 1006.6, 8,   6.2, 8,   4.0, 8,   7.0, 999.9,   95.9 ,  75.2 , 0.00I,999.9, 000000,"
"875850,99999, 20171230,   88.1, 8,   66.9, 8, 1005.7, 8, 1002.8, 8,   6.2, 8,   3.1, 8,   6.0, 999.9,   97.2*,  75.7 , 0.00I,999.9, 000000,"
"875850,99999, 20171231,   72.2, 8,   59.7, 8, 1010.0, 8, 1007.1, 8,   6.2, 8,   5.9, 8,   8.0, 999.9,  100.4 ,  63.5 , 0.16G,999.9, 000000,"
