STN---,WBAN , YEARMODA,   TEMP,  ,   DEWP,  ,  SLP  ,  ,  STP  ,  , VISIB,  ,  WDSP,  , MXSPD,  GUST,   MAX  ,  MIN  ,PRCP  ,SNDP , FRSHTT,
765773,99999, 20170101,   60.2,21,   45.2,21, 1014.6, 7, 9999.9, 0,   8.1,21,   3.1,21,   7.0, 999.9,   71.6*,  46.4*, 0.00I,999.9, 000000,
765773,99999, 20170102,   59.4,20,   40.0,20, 1015.6, 6, 9999.9, 0,   9.0,20,   3.7,20,   7.0, 999.9,   77.0*,  42.8*, 0.00I,999.9, 000000,
765773,99999, 20170103,   61.0,20,   36.0,20, 1016.3, 7, 9999.9, 0,   8.8,20,   3.1,20,   7.0, 999.9,   80.6*,  39.2*, 0.00I,999.9, 000000,
765773,99999, 20170104,   62.8,20,   37.3,20, 1013.9, 7, 9999.9, 0,   8.5,20,   2.9,20,   7.0, 999.9,   80.6*,  44.6*, 0.00I,999.9, 000000,
765773,99999, 20170105,   63.8,19,   34.8,19, 1011.5, 6, 9999.9, 0,   8.3,19,   4.7,19,  11.1, 999.9,   82.4*,  44.6*, 0.00I,999.9, 000000,
765773,99999, 20170106,   62.5,20,   29.5,20, 1011.5, 7, 9999.9, 0,   8.8,20,   3.3,20,   7.0, 999.9,   82.4*,  44.6*, 0.00I,999.9, 000000,
765773,99999, 20170107,   62.7,21,   35.9,21, 1015.4, 8, 9999.9, 0,   8.8,21,   4.3,21,   8.9, 999.9,   77.0*,  44.6*, 0.00I,999.9, 000000,
765773,99999, 20170108,   55.6,20,   37.2,20, 1024.2, 6, 9999.9, 0,   9.0,20,   8.4,20,  14.0, 999.9,   69.8*,  41.0*, 0.00I,999.9, 000000,
765773,99999, 20170109,   54.1,21,   34.0,21, 1024.2, 6, 9999.9, 0,   8.4,21,   5.0,21,   9.9, 999.9,   71.6*,  37.4*, 0.00I,999.9, 000000,
765773,99999, 20170110,   56.0,20,   21.4,20, 1019.9, 7, 9999.9, 0,  10.5,20,   3.0,20,   8.9, 999.9,   73.4*,  33.8*, 0.00I,999.9, 000000,
765773,99999, 20170111,   58.4,21,   19.7,21, 1016.7, 7, 9999.9, 0,   9.0,21,   3.2,21,  11.1, 999.9,   77.0*,  39.2*, 0.00I,999.9, 000000,
765773,99999, 20170112,   58.7,19,   24.9,19, 1015.7, 5, 9999.9, 0,   8.4,19,   2.6,19,   7.0, 999.9,   77.0*,  39.2*, 0.00I,999.9, 000000,
765773,99999, 20170113,   60.0,21,   27.7,21, 1017.9, 7, 9999.9, 0,   8.0,21,   3.1,21,   8.0, 999.9,   75.2*,  42.8*, 0.00I,999.9, 000000,
765773,99999, 20170114,   62.0,21,   40.9,21, 1017.6, 6, 9999.9, 0,   8.3,21,   3.4,21,   9.9, 999.9,   71.6*,  46.4*, 0.00I,999.9, 000000,
765773,99999, 20170115,   59.6,21,   38.3,21, 1016.4, 6, 9999.9, 0,   8.1,21,   4.3,21,  12.0, 999.9,   73.4*,  42.8*, 0.00I,999.9, 000000,
765773,99999, 20170116,   58.5,21,   32.8,21, 1014.2, 7, 9999.9, 0,   8.4,21,   4.0,21,  11.1, 999.9,   75.2*,  41.0*, 0.00I,999.9, 000000,
765773,99999, 20170117,   60.0,21,   38.1,21, 1014.1, 7, 9999.9, 0,   8.7,21,   3.9,21,   8.9, 999.9,   71.6*,  46.4*, 0.00I,999.9, 000000,
765773,99999, 20170118,   57.1,21,   37.7,21, 1016.5, 8, 9999.9, 0,   8.5,21,   3.1,21,   7.0, 999.9,   71.6*,  42.8*, 0.00I,999.9, 000000,
765773,99999, 20170119,   62.1,22,   38.2,22, 1013.4, 7, 9999.9, 0,   8.7,22,   5.4,22,  15.0, 999.9,   75.2*,  48.2*, 0.00I,999.9, 000000,
765773,99999, 20170120,   59.5,21,   36.0,21, 1012.9, 7, 9999.9, 0,   8.4,21,   6.9,21,  14.0, 999.9,   71.6*,  46.4*, 0.00I,999.9, 000000,
765773,99999, 20170121,   59.3,21,   35.7,21, 1013.9, 7, 9999.9, 0,   8.8,21,   6.7,21,  19.0,  28.9,   77.0*,  39.2*, 0.00I,999.9, 000000,
765773,99999, 20170122,   59.3,20,   22.8,20, 1016.5, 6, 9999.9, 0,   9.1,20,   4.1,20,   8.0, 999.9,   77.0*,  37.4*, 0.00I,999.9, 000000,
765773,99999, 20170123,   61.9,20,   16.5,20, 1014.7, 6, 9999.9, 0,   9.2,20,   4.4,20,   8.0, 999.9,   78.8*,  37.4*, 0.00I,999.9, 000000,
765773,99999, 20170124,   60.8,21,   31.7,21, 1013.5, 7, 9999.9, 0,   8.7,21,   4.3,21,   9.9, 999.9,   77.0*,  42.8*, 0.00I,999.9, 000000,
765773,99999, 20170125,   60.2,21,   38.8,21, 1014.7, 6, 9999.9, 0,   8.3,21,   4.3,21,  14.0, 999.9,   78.8*,  41.0*, 0.00I,999.9, 000000,
765773,99999, 20170126,   60.4,19,   34.0,19, 1016.8, 6, 9999.9, 0,   8.3,19,   2.5,19,   8.0, 999.9,   78.8*,  42.8*, 0.00I,999.9, 000000,
765773,99999, 20170127,   63.6,18,   31.8,18, 1014.6, 7, 9999.9, 0,   8.5,18,   3.1,18,  12.0, 999.9,   80.6*,  42.8*, 0.00I,999.9, 000000,
765773,99999, 20170128,   62.3,20,   29.1,20, 1013.6, 7, 9999.9, 0,   8.8,20,   4.4,20,  11.1, 999.9,   78.8*,  41.0*, 0.00I,999.9, 000000,
765773,99999, 20170129,   58.2,19,   36.8,19, 1018.6, 6, 9999.9, 0,   8.6,19,   5.7,19,  14.0, 999.9,   68.0*,  46.4*, 0.00I,999.9, 000000,
765773,99999, 20170130,   56.8,20,   35.8,20, 1020.5, 7, 9999.9, 0,   9.1,20,   7.6,20,  15.0, 999.9,   71.6*,  41.0*, 0.00I,999.9, 000000,
765773,99999, 20170131,   58.0,21,   34.7,21, 1017.7, 7, 9999.9, 0,   8.7,21,   3.6,21,  12.0, 999.9,   71.6*,  41.0*, 0.00I,999.9, 000000,
765773,99999, 20170201,   61.2,21,   40.4,21, 1015.3, 7, 9999.9, 0,   9.1,21,   4.0,21,  12.0, 999.9,   75.2*,  44.6*, 0.00I,999.9, 000000,
765773,99999, 20170202,   62.9,21,   41.1,21, 1014.7, 7, 9999.9, 0,   8.3,21,   2.2,21,   7.0, 999.9,   77.0*,  46.4*, 0.00I,999.9, 000000,
765773,99999, 20170203,   64.1,21,   35.2,21, 1015.3, 7, 9999.9, 0,   9.0,21,   6.7,21,  11.1, 999.9,   77.0*,  48.2*, 0.00I,999.9, 000000,
765773,99999, 20170204,   62.5,22,   41.7,22, 1014.4, 8, 9999.9, 0,   8.4,22,   5.0,22,  13.0, 999.9,   73.4*,  48.2*, 0.00I,999.9, 000000,
765773,99999, 20170205,   62.7,19,   42.0,19, 1016.0, 5, 9999.9, 0,   8.2,19,   4.7,19,   8.0, 999.9,   77.0*,  50.0*, 0.00I,999.9, 000000,
765773,99999, 20170206,   64.0,17,   36.3,17, 1014.8, 6, 9999.9, 0,   9.0,17,   3.4,17,   7.0,  15.0,   78.8*,  44.6*, 0.00I,999.9, 000000,
765773,99999, 20170207,   64.0,20,   34.1,20, 1013.8, 6, 9999.9, 0,   8.4,20,   2.9,20,   6.0, 999.9,   80.6*,  44.6*, 0.00I,999.9, 000000,
765773,99999, 20170208,   64.2,22,   29.6,22, 1012.5, 8, 9999.9, 0,   8.3,22,   2.5,22,   7.0, 999.9,   84.2*,  44.6*, 0.00I,999.9, 000000,
765773,99999, 20170209,   68.2,21,   32.1,21, 1014.7, 7, 9999.9, 0,   8.7,21,   8.4,21,  19.0,  25.1,   80.6*,  48.2*, 0.00I,999.9, 000000,
765773,99999, 20170210,   63.9,21,   41.2,21, 1018.1, 7, 9999.9, 0,   8.5,21,   5.3,21,  12.0,  15.9,   80.6*,  44.6*, 0.00I,999.9, 000000,
765773,99999, 20170211,   65.7,21,   24.8,21, 1016.0, 7, 9999.9, 0,   8.6,21,   4.0,21,  11.1, 999.9,   82.4*,  44.6*, 0.00I,999.9, 000000,
765773,99999, 20170212,   64.2,22,   24.1,22, 1014.4, 7, 9999.9, 0,   8.1,22,   3.8,22,   8.0, 999.9,   82.4*,  44.6*, 0.00I,999.9, 000000,
765773,99999, 20170213,   64.2,20,   31.4,20, 1012.9, 6, 9999.9, 0,   8.0,20,   3.7,20,  12.0, 999.9,   78.8*,  46.4*, 0.00I,999.9, 000000,
765773,99999, 20170214,   62.8,23,   34.7,23, 1010.7, 8, 9999.9, 0,   8.3,23,   5.2,23,  13.0, 999.9,   77.0*,  44.6*, 0.00I,999.9, 000000,
765773,99999, 20170215,   61.4,21,   31.2,21, 1011.8, 7, 9999.9, 0,   8.5,21,   4.5,21,  14.0, 999.9,   75.2*,  44.6*, 0.00I,999.9, 000000,
765773,99999, 20170216,   60.8,19,   30.5,19, 1014.1, 6, 9999.9, 0,   8.7,19,   5.7,19,  19.0, 999.9,   71.6*,  48.2*, 0.00I,999.9, 000000,
765773,99999, 20170217,   59.2,21,   38.3,21, 1014.5, 7, 9999.9, 0,   9.0,21,   6.6,21,  18.1, 999.9,   71.6*,  48.2*, 0.00I,999.9, 000000,
765773,99999, 20170218,   60.3,20,   34.9,20, 1013.3, 7, 9999.9, 0,   9.1,20,   6.1,20,  14.0, 999.9,   75.2*,  41.0*, 0.00I,999.9, 000000,
765773,99999, 20170219,   61.7,22,   39.7,22, 1011.8, 8, 9999.9, 0,   8.6,22,   6.1,22,  15.9, 999.9,   71.6*,  50.0*, 0.00I,999.9, 000000,
765773,99999, 20170220,   61.4,21,   37.5,21, 1013.5, 7, 9999.9, 0,   8.9,21,   5.1,21,  14.0, 999.9,   73.4*,  46.4*, 0.00I,999.9, 000000,
765773,99999, 20170221,   62.4,21,   32.5,21, 1015.1, 7, 9999.9, 0,   8.7,21,   6.3,21,  12.0, 999.9,   78.8*,  33.8*, 0.00I,999.9, 000000,
765773,99999, 20170222,   62.7,21,   24.4,20, 1013.2, 8, 9999.9, 0,   8.9,21,   5.5,21,  12.0, 999.9,   80.6*,  39.2*, 0.00I,999.9, 000000,
765773,99999, 20170223,   64.0,20,   25.0,20, 1011.0, 7, 9999.9, 0,   8.9,20,   4.2,20,  11.1, 999.9,   78.8*,  44.6*, 0.00I,999.9, 000000,
765773,99999, 20170224,   64.5,20,   28.7,20, 1010.3, 7, 9999.9, 0,   9.0,20,   4.4,20,   8.9, 999.9,   78.8*,  42.8*, 0.00I,999.9, 000000,
765773,99999, 20170225,   63.5,22,   27.2,22, 1011.1, 7, 9999.9, 0,   8.7,22,   2.8,22,   8.0, 999.9,   82.4*,  41.0*, 0.00I,999.9, 000000,
765773,99999, 20170226,   67.6,17,   31.6,17, 1011.6, 6, 9999.9, 0,   9.4,17,   4.0,17,  12.0, 999.9,   80.6*,  44.6*, 0.00I,999.9, 000000,
765773,99999, 20170227,   65.9,21,   32.2,21, 1012.6, 7, 9999.9, 0,   8.5,21,   3.3,21,   7.0, 999.9,   82.4*,  44.6*, 0.00I,999.9, 000000,
765773,99999, 20170228,   67.0,18,   33.8,18, 1013.1, 6, 9999.9, 0,   8.7,18,   3.5,18,   8.0, 999.9,   84.2*,  50.0*, 0.00I,999.9, 000000,
765773,99999, 20170301,   67.7,19,   35.3,19, 1013.6, 6, 9999.9, 0,   8.4,19,   3.1,19,   7.0, 999.9,   86.0*,  48.2*, 0.00I,999.9, 000000,
765773,99999, 20170302,   69.6,22,   43.6,22, 1014.4, 7, 9999.9, 0,   7.9,22,   6.2,22,  14.0, 999.9,   80.6*,  55.4*, 0.00I,999.9, 000000,
765773,99999, 20170303,   63.4,22,   44.4,22, 1015.9, 7, 9999.9, 0,   8.9,22,   6.8,21,  14.0,  18.1,   77.0*,  51.8*, 0.00I,999.9, 000000,
765773,99999, 20170304,   61.9,22,   43.1,22, 1016.0, 7, 9999.9, 0,   8.5,22,   4.9,22,  13.0, 999.9,   77.0*,  48.2*, 0.00I,999.9, 000000,
765773,99999, 20170305,   66.0,22,   43.9,22, 1014.5, 8, 9999.9, 0,   8.4,22,   4.4,22,  12.0, 999.9,   77.0*,  53.6*, 0.00I,999.9, 000000,
765773,99999, 20170306,   66.3,21,   39.2,21, 1013.0, 7, 9999.9, 0,   8.5,21,   3.2,21,   8.9, 999.9,   80.6*,  48.2*, 0.00I,999.9, 000000,
765773,99999, 20170307,   67.1,21,   38.1,21, 1011.3, 7, 9999.9, 0,   8.5,21,   2.0,21,   8.0, 999.9,   80.6*,  50.0*, 0.00I,999.9, 000000,
765773,99999, 20170308,   68.3,21,   40.9,21, 1013.5, 7, 9999.9, 0,   9.0,21,   7.1,21,  12.0, 999.9,   78.8*,  55.4*, 0.00I,999.9, 000000,
765773,99999, 20170309,   66.2,21,   45.5,21, 1014.4, 7, 9999.9, 0,   8.7,21,   5.9,21,  14.0, 999.9,   80.6*,  51.8*, 0.00I,999.9, 000000,
765773,99999, 20170310,   64.6,22,   45.4,22, 1014.7, 7, 9999.9, 0,   8.4,22,   4.0,22,   7.0, 999.9,   78.8*,  51.8*,99.99 ,999.9, 010000,
765773,99999, 20170311,   66.2,18,   42.9,18, 1012.8, 6, 9999.9, 0,   8.6,18,   6.3,18,  18.1,  28.9,   73.4*,  55.4*,99.99 ,999.9, 010000,
765773,99999, 20170312,   56.4,21,   48.8,21, 1016.0, 8, 9999.9, 0,   7.7,21,   4.0,21,  18.1, 999.9,   68.0*,  50.0*,99.99 ,999.9, 010010,
765773,99999, 20170313,   58.5,21,   44.3,21, 1016.5, 7, 9999.9, 0,   8.6,21,   2.6,21,  11.1, 999.9,   73.4*,  44.6*, 0.00I,999.9, 000000,
765773,99999, 20170314,   62.8,22,   36.3,22, 1016.3, 7, 9999.9, 0,   9.2,22,   5.8,22,  13.0, 999.9,   75.2*,  50.0*, 0.00I,999.9, 000000,
765773,99999, 20170315,   63.5,22,   38.5,22, 1016.0, 8, 9999.9, 0,   9.0,22,   6.7,22,  18.1, 999.9,   77.0*,  50.0*,99.99 ,999.9, 010000,
765773,99999, 20170316,   64.1,21,   39.7,21, 1016.7, 7, 9999.9, 0,   9.2,21,   6.2,21,  11.1, 999.9,   78.8*,  48.2*, 0.00I,999.9, 000000,
765773,99999, 20170317,   65.4,22,   32.0,22, 1014.2, 8, 9999.9, 0,   9.1,22,   5.6,22,   9.9, 999.9,   80.6*,  44.6*, 0.00I,999.9, 000000,
765773,99999, 20170318,   67.8,22,   35.3,22, 1014.9, 8, 9999.9, 0,   9.0,22,   6.0,22,  12.0, 999.9,   82.4*,  50.0*, 0.00I,999.9, 000000,
765773,99999, 20170319,   66.4,20,   39.3,20, 1015.8, 7, 9999.9, 0,   8.4,20,   7.3,20,  18.1,  20.0,   80.6*,  51.8*, 0.00I,999.9, 000000,
765773,99999, 20170320,   67.5,20,   34.3,20, 1015.4, 7, 9999.9, 0,   8.6,20,   4.1,20,   9.9, 999.9,   84.2*,  50.0*, 0.00I,999.9, 000000,
765773,99999, 20170321,   70.2,22,   31.9,22, 1012.9, 8, 9999.9, 0,   9.5,22,   4.8,22,  12.0, 999.9,   86.0*,  50.0*, 0.00I,999.9, 000000,
765773,99999, 20170322,   72.5,20,   27.2,20, 1011.2, 6, 9999.9, 0,   9.3,20,   4.9,20,   8.9, 999.9,   87.8*,  51.8*, 0.00I,999.9, 000000,
765773,99999, 20170323,   70.7,20,   32.0,20, 1010.4, 7, 9999.9, 0,   9.0,20,   4.3,20,   9.9, 999.9,   86.0*,  51.8*, 0.00I,999.9, 000000,
765773,99999, 20170324,   70.5,22,   40.4,22, 1010.4, 8, 9999.9, 0,   8.0,22,   4.1,22,  12.0, 999.9,   86.0*,  53.6*, 0.00I,999.9, 000000,
765773,99999, 20170325,   72.1,20,   32.5,20, 1010.5, 6, 9999.9, 0,   8.7,20,   4.7,20,  12.0, 999.9,   87.8*,  53.6*, 0.00I,999.9, 000000,
765773,99999, 20170326,   69.4,19,   42.1,19, 1010.1, 6, 9999.9, 0,   8.6,19,   4.9,19,  13.0,  19.0,   82.4*,  53.6*,99.99 ,999.9, 010000,
765773,99999, 20170327,   65.1,22,   40.9,22, 1011.0, 8, 9999.9, 0,   8.6,22,   3.9,22,  11.1, 999.9,   84.2*,  46.4*, 0.00I,999.9, 000000,
765773,99999, 20170328,   68.0,21,   30.9,21, 1008.6, 6, 9999.9, 0,   8.8,21,   5.3,21,  15.0, 999.9,   84.2*,  48.2*, 0.00I,999.9, 000000,
765773,99999, 20170329,   68.5,21,   25.8,21, 1009.3, 7, 9999.9, 0,   8.7,21,   6.4,21,  18.1, 999.9,   82.4*,  48.2*, 0.00I,999.9, 000000,
765773,99999, 20170330,   67.0,21,   12.5,21, 1010.3, 7, 9999.9, 0,   8.5,21,   4.2,21,  12.0, 999.9,   82.4*,  42.8*, 0.00I,999.9, 000000,
765773,99999, 20170331,   67.7,20,   21.0,20, 1008.7, 6, 9999.9, 0,   8.5,20,   3.9,20,  13.0, 999.9,   86.0*,  46.4*, 0.00I,999.9, 000000,
765773,99999, 20170401,   67.8,22,   27.3,22, 1008.7, 7, 9999.9, 0,   9.0,22,   5.5,22,  14.0,  18.1,   82.4*,  50.0*, 0.00I,999.9, 000000,
765773,99999, 20170402,   68.0,21,   25.7,21, 1011.3, 8, 9999.9, 0,   9.0,21,   8.4,21,  15.9, 999.9,   82.4*,  46.4*, 0.00I,999.9, 000000,
765773,99999, 20170403,   66.8,21,   23.3,21, 1009.2, 7, 9999.9, 0,   9.2,21,   5.2,21,  13.0, 999.9,   84.2*,  46.4*, 0.00I,999.9, 000000,
765773,99999, 20170404,   68.1,21,   21.3,21, 1008.0, 8, 9999.9, 0,   9.0,21,   4.5,21,  13.0, 999.9,   86.0*,  48.2*, 0.00I,999.9, 000000,
765773,99999, 20170405,   68.7,21,   20.4,21, 1009.0, 7, 9999.9, 0,   8.8,21,   2.1,21,   8.9, 999.9,   87.8*,  48.2*, 0.00I,999.9, 000000,
765773,99999, 20170406,   71.8,21,   44.3,21, 1011.0, 7, 9999.9, 0,   7.9,21,   5.4,21,  12.0, 999.9,   86.0*,  59.0*, 0.00I,999.9, 000000,
765773,99999, 20170407,   72.3,21,   37.9,21, 1011.8, 7, 9999.9, 0,   7.8,21,   5.4,21,  11.1, 999.9,   87.8*,  53.6*, 0.00I,999.9, 000000,
765773,99999, 20170408,   74.8,20,   35.2,20, 1007.6, 6, 9999.9, 0,   8.4,20,   4.4,20,   9.9,  15.9,   87.8*,  59.0*, 0.00I,999.9, 000000,
765773,99999, 20170409,   71.6,19,   28.0,19, 1007.4, 5, 9999.9, 0,   7.9,19,   4.4,19,  13.0, 999.9,   87.8*,  51.8*, 0.00I,999.9, 000000,
765773,99999, 20170410,   70.7,21,   25.5,21, 1009.3, 7, 9999.9, 0,   8.5,21,   4.2,21,  11.1, 999.9,   86.0*,  50.0*, 0.00I,999.9, 000000,
765773,99999, 20170411,   70.9,22,   37.5,22, 1008.9, 7, 9999.9, 0,   7.8,22,   3.2,22,   7.0, 999.9,   87.8*,  55.4*, 0.00I,999.9, 000000,
765773,99999, 20170412,   72.0,21,   42.4,21, 1008.9, 7, 9999.9, 0,   8.8,21,   5.4,21,  14.0, 999.9,   84.2*,  55.4*, 0.00I,999.9, 000000,
765773,99999, 20170413,   70.8,20,   43.0,20, 1009.2, 6, 9999.9, 0,   8.8,20,   5.9,20,  15.9, 999.9,   82.4*,  55.4*, 0.00I,999.9, 000000,
765773,99999, 20170414,   67.8,22,   44.2,22, 1009.8, 8, 9999.9, 0,   8.6,22,   4.4,22,  11.1, 999.9,   84.2*,  51.8*, 0.00I,999.9, 000000,
765773,99999, 20170415,   71.9,21,   44.3,21, 1008.2, 7, 9999.9, 0,   8.6,21,   4.8,21,  12.0, 999.9,   86.0*,  59.0*, 0.00I,999.9, 000000,
765773,99999, 20170416,   71.5,21,   41.7,21, 1009.2, 7, 9999.9, 0,   8.4,21,   5.3,21,  13.0,  22.0,   84.2*,  55.4*, 0.00I,999.9, 000000,
765773,99999, 20170417,   70.0,20,   39.1,20, 1010.0, 7, 9999.9, 0,   8.5,20,   5.6,20,  12.0, 999.9,   82.4*,  51.8*, 0.00I,999.9, 000000,
765773,99999, 20170418,   68.0,22,   34.2,22, 1009.6, 8, 9999.9, 0,   8.4,22,   5.3,22,  13.0, 999.9,   82.4*,  50.0*, 0.00I,999.9, 000000,
765773,99999, 20170419,   69.2,20,   31.9,20, 1011.1, 7, 9999.9, 0,   9.3,20,   6.8,20,  18.1,  25.1,   80.6*,  51.8*, 0.00I,999.9, 000000,
765773,99999, 20170420,   69.2,21,   28.4,21, 1010.8, 7, 9999.9, 0,   9.1,21,   6.0,21,  15.9,  22.9,   84.2*,  50.0*, 0.00I,999.9, 000000,
765773,99999, 20170421,   72.5,21,   39.7,21, 1006.5, 6, 9999.9, 0,   8.6,21,   5.2,21,   8.9, 999.9,   87.8*,  57.2*, 0.00I,999.9, 000000,
765773,99999, 20170422,   72.2,21,   36.9,21, 1004.9, 8, 9999.9, 0,   8.4,21,   5.2,21,  19.0, 999.9,   87.8*,  55.4*, 0.00I,999.9, 000000,
765773,99999, 20170423,   73.0,21,   36.3,21, 1007.9, 7, 9999.9, 0,   8.6,21,   5.7,21,  18.1, 999.9,   84.2*,  59.0*, 0.00I,999.9, 000000,
765773,99999, 20170424,   71.1,21,   42.9,21, 1007.8, 8, 9999.9, 0,   8.6,21,   5.1,21,  18.1, 999.9,   82.4*,  57.2*, 0.00I,999.9, 000000,
765773,99999, 20170425,   72.7,18,   37.5,18, 1006.7, 6, 9999.9, 0,   8.8,18,   6.4,18,  17.1, 999.9,   86.0*,  57.2*, 0.00I,999.9, 000000,
765773,99999, 20170426,   68.9,21,   17.8,21, 1007.3, 8, 9999.9, 0,   9.1,21,   5.6,21,  13.0, 999.9,   84.2*,  44.6*, 0.00I,999.9, 000000,
765773,99999, 20170427,   68.2,20,   18.9,20, 1007.5, 6, 9999.9, 0,   8.9,20,   4.0,20,  15.0, 999.9,   86.0*,  46.4*, 0.00I,999.9, 000000,
765773,99999, 20170428,   70.4,19,   18.3,19, 1006.1, 6, 9999.9, 0,   8.9,19,   5.8,19,   9.9, 999.9,   84.2*,  50.0*, 0.00I,999.9, 000000,
765773,99999, 20170429,   71.7,22,   20.3,22, 1008.3, 8, 9999.9, 0,   8.2,22,   5.3,22,  15.0, 999.9,   89.6*,  48.2*, 0.00I,999.9, 000000,
765773,99999, 20170430,   72.0,21,   22.1,21, 1008.7, 7, 9999.9, 0,   8.8,21,   4.1,21,  12.0, 999.9,   87.8*,  50.0*, 0.00I,999.9, 000000,
765773,99999, 20170501,   74.1,21,   20.5,21, 1007.4, 6, 9999.9, 0,   8.8,21,   4.0,21,  13.0, 999.9,   89.6*,  51.8*, 0.00I,999.9, 000000,
765773,99999, 20170502,   75.0,22,   27.9,22, 1005.6, 8, 9999.9, 0,   7.3,22,   4.5,22,  14.0, 999.9,   91.4*,  55.4*, 0.00I,999.9, 000000,
765773,99999, 20170503,   75.4,21,   34.2,21, 1006.7, 7, 9999.9, 0,   5.8,21,   4.6,21,  13.0, 999.9,   87.8*,  55.4*, 0.00I,999.9, 000000,
765773,99999, 20170504,   74.1,22,   35.5,22, 1007.3, 8, 9999.9, 0,   7.0,22,   3.5,22,   8.9, 999.9,   89.6*,  55.4*, 0.00I,999.9, 000000,
765773,99999, 20170505,   71.1,21,   45.0,21, 1009.5, 7, 9999.9, 0,   8.2,21,   8.5,21,  19.0, 999.9,   82.4*,  57.2*, 0.00I,999.9, 000000,
765773,99999, 20170506,   69.8,21,   45.3,21, 1009.7, 7, 9999.9, 0,   8.6,21,   4.8,21,  17.1, 999.9,   84.2*,  57.2*, 0.00I,999.9, 000000,
765773,99999, 20170507,   71.2,19,   40.9,19, 1008.1, 7, 9999.9, 0,   7.1,19,   3.2,19,   8.0, 999.9,   84.2*,  53.6*, 0.00I,999.9, 000000,
765773,99999, 20170508,   71.7,20,   39.5,20, 1007.7, 6, 9999.9, 0,   7.1,20,   3.0,20,  11.1, 999.9,   84.2*,  55.4*, 0.00I,999.9, 000000,
765773,99999, 20170509,   73.1,22,   37.5,22, 1007.4, 7, 9999.9, 0,   7.9,22,   3.0,22,  12.0, 999.9,   87.8*,  55.4*, 0.00I,999.9, 000000,
765773,99999, 20170510,   76.2,22,   40.3,22, 1006.8, 8, 9999.9, 0,   7.5,22,   2.9,22,   8.0, 999.9,   91.4*,  59.0*, 0.00I,999.9, 000000,
765773,99999, 20170511,   76.0,22,   45.6,22, 1007.2, 7, 9999.9, 0,   7.4,22,   4.6,22,  11.1, 999.9,   91.4*,  59.0*, 0.00I,999.9, 000000,
765773,99999, 20170512,   78.0,21,   43.5,21, 1005.4, 8, 9999.9, 0,   7.5,21,   4.7,21,  13.0, 999.9,   91.4*,  60.8*, 0.00I,999.9, 000000,
765773,99999, 20170513,   73.6,19,   49.8,19, 1006.2, 7, 9999.9, 0,   7.6,19,   6.2,19,  11.1, 999.9,   86.0*,  59.0*, 0.00I,999.9, 000000,
765773,99999, 20170514,   73.0,22,   46.6,22, 1008.4, 8, 9999.9, 0,   8.5,22,   4.3,22,  12.0,  18.1,   87.8*,  60.8*, 0.00I,999.9, 000000,
765773,99999, 20170515,   76.3,22,   42.3,22, 1007.3, 8, 9999.9, 0,   7.7,22,   3.1,22,   8.0, 999.9,   91.4*,  59.0*, 0.00I,999.9, 000000,
765773,99999, 20170516,   77.2,22,   40.3,22, 1007.0, 8, 9999.9, 0,   7.8,22,   3.3,22,   9.9, 999.9,   91.4*,  59.0*, 0.00I,999.9, 000000,
765773,99999, 20170517,   79.0,20,   38.3,20, 1004.3, 6, 9999.9, 0,   7.4,20,   5.6,20,  15.9, 999.9,   93.2*,  59.0*, 0.00I,999.9, 000000,
765773,99999, 20170518,   77.8,19,   35.6,19, 1004.9, 7, 9999.9, 0,   7.9,19,   3.9,19,   8.9, 999.9,   91.4*,  57.2*, 0.00I,999.9, 000000,
765773,99999, 20170519,   77.8,20,   33.2,20, 1003.1, 6, 9999.9, 0,   7.0,20,   5.1,20,  14.0, 999.9,   93.2*,  59.0*, 0.00I,999.9, 000000,
765773,99999, 20170520,   77.8,21,   29.1,21, 1002.8, 8, 9999.9, 0,   7.0,21,   3.8,21,   9.9,  17.1,   91.4*,  57.2*, 0.00I,999.9, 000000,
765773,99999, 20170521,   79.9,21,   44.6,21, 1004.0, 7, 9999.9, 0,   5.6,21,   3.3,21,   8.0, 999.9,   93.2*,  64.4*, 0.00I,999.9, 000000,
765773,99999, 20170522,   79.9,20,   45.3,20, 1005.4, 6, 9999.9, 0,   7.7,20,   4.4,20,  11.1, 999.9,   93.2*,  62.6*, 0.00I,999.9, 000000,
765773,99999, 20170523,   77.2,21,   28.6,21, 1004.8, 7, 9999.9, 0,   7.8,21,   4.7,21,   9.9, 999.9,   93.2*,  53.6*, 0.00I,999.9, 000000,
765773,99999, 20170524,   77.3,20,   41.7,20, 1004.6, 7, 9999.9, 0,   7.7,20,   4.0,20,   8.9, 999.9,   89.6*,  60.8*, 0.00I,999.9, 000000,
765773,99999, 20170525,   75.9,20,   51.5,20, 1005.4, 7, 9999.9, 0,   7.0,20,   2.5,20,   8.0, 999.9,   89.6*,  62.6*, 0.00I,999.9, 000000,
765773,99999, 20170526,   79.1,21,   48.4,21, 1006.7, 7, 9999.9, 0,   7.9,21,   5.4,21,  15.0, 999.9,   93.2*,  62.6*, 0.00I,999.9, 000000,
765773,99999, 20170527,   75.5,21,   47.0,21, 1008.1, 7, 9999.9, 0,   8.3,21,   4.8,21,  12.0, 999.9,   91.4*,  59.0*, 0.00I,999.9, 000000,
765773,99999, 20170528,   76.8,22,   47.5,22, 1006.6, 8, 9999.9, 0,   8.0,22,   3.2,22,   8.9, 999.9,   87.8*,  62.6*, 0.00I,999.9, 000000,
765773,99999, 20170529,   73.9,21,   48.4,21, 1006.4, 6, 9999.9, 0,   8.0,21,   4.1,21,  15.9, 999.9,   87.8*,  59.0*, 0.00I,999.9, 000000,
765773,99999, 20170530,   71.9,21,   51.9,21, 1009.5, 7, 9999.9, 0,   9.3,21,   5.0,21,  12.0, 999.9,   86.0*,  60.8*, 0.00I,999.9, 000000,
765773,99999, 20170531,   72.5,21,   50.8,21, 1008.2, 7, 9999.9, 0,   9.3,21,   7.2,21,  18.1, 999.9,   84.2*,  60.8*,99.99 ,999.9, 010000,
765773,99999, 20170601,   73.3,21,   51.8,21, 1006.9, 8, 9999.9, 0,   8.7,21,   6.4,21,  17.1,  24.1,   89.6*,  59.0*,99.99 ,999.9, 010010,
765773,99999, 20170602,   75.5,22,   50.4,22, 1004.9, 8, 9999.9, 0,   9.3,22,   4.7,22,  15.9, 999.9,   87.8*,  64.4*, 0.00I,999.9, 000000,
765773,99999, 20170603,   76.0,21,   44.3,21, 1005.3, 7, 9999.9, 0,   9.1,21,   4.7,21,  12.0, 999.9,   91.4*,  59.0*, 0.00I,999.9, 000000,
765773,99999, 20170604,   77.3,21,   47.4,21, 1004.4, 6, 9999.9, 0,   8.7,21,   4.0,21,  12.0, 999.9,   87.8*,  60.8*, 0.00I,999.9, 000000,
765773,99999, 20170605,   76.3,22,   48.0,22, 1004.2, 8, 9999.9, 0,   8.0,22,   4.5,22,   9.9, 999.9,   89.6*,  62.6*, 0.00I,999.9, 000000,
765773,99999, 20170606,   76.8,22,   50.6,22, 1005.8, 7, 9999.9, 0,   7.6,22,   4.4,22,  12.0, 999.9,   91.4*,  62.6*, 0.00I,999.9, 000000,
765773,99999, 20170607,   69.1,22,   56.5,22, 1009.7, 8, 9999.9, 0,   8.1,22,   4.8,22,  13.0, 999.9,   78.8*,  60.8*, 0.00I,999.9, 000000,
765773,99999, 20170608,   70.7,21,   56.4,21, 1010.6, 7, 9999.9, 0,   8.3,21,   3.4,21,  14.0, 999.9,   80.6*,  60.8*,99.99 ,999.9, 010000,
765773,99999, 20170609,   73.2,19,   56.0,19, 1007.7, 7, 9999.9, 0,   8.6,19,   4.3,19,  15.9, 999.9,   86.0*,  62.6*,99.99 ,999.9, 010000,
765773,99999, 20170610,   71.1,22,   56.3,22, 1007.1, 7, 9999.9, 0,   8.2,22,   3.6,22,   7.0, 999.9,   84.2*,  60.8*, 0.00I,999.9, 000000,
765773,99999, 20170611,   70.4,22,   56.9,22, 1009.4, 8, 9999.9, 0,   7.9,22,   3.9,22,  14.0, 999.9,   82.4*,  59.0*,99.99 ,999.9, 010000,
765773,99999, 20170612,   74.3,21,   57.9,21, 1007.4, 6, 9999.9, 0,   7.1,21,   2.3,21,  11.1, 999.9,   87.8*,  62.6*, 0.00I,999.9, 000000,
765773,99999, 20170613,   75.9,22,   49.1,22, 1004.5, 8, 9999.9, 0,   8.5,22,   6.1,21,  12.0, 999.9,   89.6*,  62.6*, 0.00I,999.9, 000000,
765773,99999, 20170614,   74.5,22,   51.1,22, 1007.3, 7, 9999.9, 0,   8.8,22,   6.4,22,  18.1, 999.9,   86.0*,  60.8*, 0.00I,999.9, 000000,
765773,99999, 20170615,   75.9,17,   48.1,17, 1007.4, 8, 9999.9, 0,   9.1,17,   6.0,17,  12.0, 999.9,   89.6*,  62.6*, 0.00I,999.9, 000000,
765773,99999, 20170616,   77.1,21,   47.6,21, 1008.1, 7, 9999.9, 0,   9.0,21,   5.8,21,  13.0, 999.9,   91.4*,  60.8*, 0.00I,999.9, 000000,
765773,99999, 20170617,   77.7,22,   42.5,22, 1005.1, 8, 9999.9, 0,   8.8,22,   8.3,22,  25.1, 999.9,   91.4*,  59.0*, 0.00I,999.9, 000000,
765773,99999, 20170618,   78.3,21,   34.7,21, 1002.7, 7, 9999.9, 0,   8.9,21,   6.6,21,  15.9,  22.0,   91.4*,  60.8*, 0.00I,999.9, 000000,
765773,99999, 20170619,   75.9,22,   42.1,22, 1004.5, 8, 9999.9, 0,   8.7,22,   8.3,22,  20.0, 999.9,   87.8*,  60.8*, 0.00I,999.9, 000000,
765773,99999, 20170620,   74.6,21,   45.8,21, 1007.4, 7, 9999.9, 0,   9.0,21,   9.6,21,  17.1, 999.9,   84.2*,  62.6*, 0.00I,999.9, 000000,
765773,99999, 20170621,   74.3,22,   45.3,21, 1006.5, 8, 9999.9, 0,   8.9,22,   5.1,22,  15.9, 999.9,   87.8*,  59.0*, 0.00I,999.9, 000000,
765773,99999, 20170622,   75.9,20,   50.2,20, 1004.3, 7, 9999.9, 0,   8.1,20,   3.3,20,   8.9, 999.9,   87.8*,  62.6*, 0.00I,999.9, 000000,
765773,99999, 20170623,   75.5,22,   55.5,22, 1004.6, 8, 9999.9, 0,   8.1,22,   5.6,22,  11.1, 999.9,   86.0*,  66.2*, 0.00I,999.9, 000000,
765773,99999, 20170624,   74.0,21,   51.4,21, 1006.7, 7, 9999.9, 0,   8.9,21,   7.3,21,  20.0,  22.0,   84.2*,  62.6*, 0.00I,999.9, 000000,
765773,99999, 20170625,   72.6,21,   51.5,21, 1010.6, 7, 9999.9, 0,   8.1,21,   9.4,21,  15.0,  25.1,   80.6*,  64.4*, 0.00I,999.9, 000000,
765773,99999, 20170626,   66.7,21,   58.1,21, 1013.9, 8, 9999.9, 0,   7.6,21,   3.7,21,  15.0,  29.9,   77.0*,  59.0*,99.99 ,999.9, 010000,
765773,99999, 20170627,   67.1,21,   58.2,21, 1013.0, 7, 9999.9, 0,   8.4,21,   3.6,21,  11.1, 999.9,   78.8*,  60.8*, 0.08G,999.9, 010000,
765773,99999, 20170628,   67.3,19,   59.4,19, 1011.1, 7, 9999.9, 0,   7.8,17,   4.6,18,  14.0, 999.9,   77.0*,  60.8*, 0.00G,999.9, 010000,
765773,99999, 20170629,   66.4,21,   59.4,21, 1011.8, 6, 9999.9, 0,   8.0,21,   3.2,21,  18.1, 999.9,   73.4*,  59.0*,99.99 ,999.9, 010010,
765773,99999, 20170630,   68.5,10,   59.4,10, 9999.9, 0, 9999.9, 0,   8.1,10,   2.1,10,   8.0, 999.9,   77.0*,  60.8*, 0.00I,999.9, 000000,
765773,99999, 20170701,   65.2,21,   57.9,21, 1013.8, 6, 9999.9, 0,   8.2,21,   1.6,21,   7.0, 999.9,   75.2*,  59.0*,99.99 ,999.9, 010000,
765773,99999, 20170702,   66.6,21,   60.2,21, 1015.5, 6, 9999.9, 0,   7.5,21,   2.8,21,  20.0, 999.9,   77.0*,  60.8*,99.99 ,999.9, 010000,
765773,99999, 20170703,   67.7,19,   58.5,19, 1015.1, 7, 9999.9, 0,   8.1,19,   3.7,19,  14.0, 999.9,   78.8*,  59.0*,99.99 ,999.9, 010010,
765773,99999, 20170704,   66.0,21,   58.2,21, 1014.6, 7, 9999.9, 0,   6.2,21,   2.6,21,   9.9, 999.9,   78.8*,  57.2*,99.99 ,999.9, 110000,
765773,99999, 20170705,   65.7,20,   54.7,20, 1014.8, 7, 9999.9, 0,   9.1,20,   3.8,20,  11.1, 999.9,   80.6*,  55.4*, 0.00I,999.9, 000000,
765773,99999, 20170706,   73.0,20,   50.4,20, 1012.6, 6, 9999.9, 0,   9.0,20,   5.8,20,  15.9, 999.9,   84.2*,  60.8*, 0.00I,999.9, 000000,
765773,99999, 20170707,   71.2,22,   50.7,22, 1011.6, 8, 9999.9, 0,   9.2,22,   8.5,22,  14.0,  17.1,   80.6*,  60.8*, 0.00I,999.9, 000000,
765773,99999, 20170708,   69.7,21,   53.9,21, 1013.2, 8, 9999.9, 0,   9.1,21,   5.2,21,  14.0, 999.9,   77.0*,  60.8*, 0.00I,999.9, 000000,
765773,99999, 20170709,   69.8,20,   55.4,20, 1012.6, 5, 9999.9, 0,   9.0,20,   5.7,20,  13.0, 999.9,   77.0*,  62.6*, 0.00I,999.9, 000000,
765773,99999, 20170710,   66.0,20,   58.8,20, 1012.9, 7, 9999.9, 0,   7.3,20,   2.5,20,  12.0, 999.9,   73.4*,  60.8*,99.99 ,999.9, 010010,
765773,99999, 20170711,   64.0,19,   58.8,19, 1013.8, 7, 9999.9, 0,   7.2,19,   3.4,19,   8.0, 999.9,   73.4*,  60.8*,99.99 ,999.9, 010000,
765773,99999, 20170712,   65.6,20,   58.8,20, 1013.9, 6, 9999.9, 0,   6.9,20,   2.2,20,   6.0, 999.9,   75.2*,  59.0*,99.99 ,999.9, 010010,
765773,99999, 20170713,   65.6,20,   59.1,20, 1015.1, 7, 9999.9, 0,   8.0,20,   3.1,20,  15.0,  22.0,   73.4*,  59.0*,99.99 ,999.9, 010010,
765773,99999, 20170714,   67.6,20,   59.2,19, 1014.7, 6, 9999.9, 0,   8.5,20,   2.7,20,   8.0, 999.9,   78.8*,  60.8*,99.99 ,999.9, 010010,
765773,99999, 20170715,   68.0,20,   54.3,20, 1014.3, 7, 9999.9, 0,   9.0,20,   4.5,20,   8.9, 999.9,   80.6*,  59.0*, 0.00I,999.9, 000000,
765773,99999, 20170716,   70.7,20,   48.4,20, 1010.6, 7, 9999.9, 0,   9.4,20,   3.4,20,   9.9, 999.9,   82.4*,  55.4*, 0.00I,999.9, 000000,
765773,99999, 20170717,   69.5,21,   53.3,21, 1010.5, 7, 9999.9, 0,   8.6,21,   4.8,21,  17.1, 999.9,   78.8*,  60.8*,99.99 ,999.9, 010010,
765773,99999, 20170718,   67.6,22,   57.4,22, 1013.3, 7, 9999.9, 0,   8.5,22,   2.5,22,   6.0, 999.9,   77.0*,  59.0*,99.99 ,999.9, 010000,
765773,99999, 20170719,   66.9,22,   58.1,22, 1015.8, 8, 9999.9, 0,   7.9,22,   3.5,22,  14.0, 999.9,   77.0*,  59.0*,99.99 ,999.9, 010010,
765773,99999, 20170720,   68.7,21,   58.1,21, 1015.3, 7, 9999.9, 0,   8.0,21,   3.7,21,   9.9, 999.9,   78.8*,  60.8*, 0.00I,999.9, 000000,
765773,99999, 20170721,   67.2,22,   58.8,22, 1014.3, 8, 9999.9, 0,   8.5,22,   2.6,22,   7.0, 999.9,   77.0*,  60.8*,99.99 ,999.9, 010000,
765773,99999, 20170722,   70.5,17,   57.5,17, 1012.6, 6, 9999.9, 0,   8.3,17,   4.9,17,  12.0, 999.9,   78.8*,  59.0*,99.99 ,999.9, 010000,
765773,99999, 20170723,   67.6,20,   58.6,20, 1012.5, 7, 9999.9, 0,   7.9,20,   2.8,20,  19.0, 999.9,   77.0*,  60.8*, 0.00I,999.9, 000000,
765773,99999, 20170724,   66.3,22,   59.3,22, 1012.6, 7, 9999.9, 0,   7.5,22,   2.6,22,   8.9, 999.9,   80.6*,  59.0*,99.99 ,999.9, 010010,
765773,99999, 20170725,   66.4,19,   58.2,19, 1015.4, 7, 9999.9, 0,   7.5,19,   2.6,19,   9.9, 999.9,   77.0*,  57.2*,99.99 ,999.9, 010000,
765773,99999, 20170726,   63.1,19,   59.2,19, 1014.9, 6, 9999.9, 0,   7.4,19,   1.3,19,   7.0, 999.9,   71.6*,  60.8*,99.99 ,999.9, 010000,
765773,99999, 20170727,   66.6,21,   56.5,21, 1015.0, 7, 9999.9, 0,   8.7,20,   3.1,20,  13.0, 999.9,   78.8*,  59.0*, 0.00I,999.9, 000000,
765773,99999, 20170728,   69.7,20,   56.8,20, 1012.6, 7, 9999.9, 0,   8.5,20,   3.8,20,   8.0, 999.9,   80.6*,  59.0*, 0.00I,999.9, 000000,
765773,99999, 20170729,   67.6,20,   59.3,20, 1013.5, 7, 9999.9, 0,   7.2,20,   3.4,20,   9.9, 999.9,   78.8*,  59.0*,99.99 ,999.9, 010010,
765773,99999, 20170730,   71.4,20,   54.4,20, 1012.3, 7, 9999.9, 0,   8.9,20,   4.3,20,   7.0, 999.9,   84.2*,  59.0*, 0.00I,999.9, 000000,
765773,99999, 20170731,   72.4,21,   46.1,21, 1011.1, 7, 9999.9, 0,   9.2,21,   4.6,21,  14.0, 999.9,   82.4*,  57.2*, 0.00I,999.9, 000000,
765773,99999, 20170801,   71.0,22,   47.9,22, 1010.5, 7, 9999.9, 0,   9.0,22,   4.8,22,  15.9, 999.9,   82.4*,  53.6*, 0.00I,999.9, 000000,
765773,99999, 20170802,   71.8,21,   54.3,21, 1010.9, 7, 9999.9, 0,   8.4,21,   4.3,21,   9.9, 999.9,   82.4*,  59.0*, 0.00I,999.9, 000000,
765773,99999, 20170803,   70.3,21,   57.7,21, 1012.6, 7, 9999.9, 0,   8.2,21,   2.9,21,   8.9,  19.0,   80.6*,  60.8*,99.99 ,999.9, 010010,
765773,99999, 20170804,   70.0,22,   58.0,22, 1013.3, 8, 9999.9, 0,   7.7,22,   3.1,22,  12.0, 999.9,   80.6*,  59.0*,99.99 ,999.9, 010000,
765773,99999, 20170805,   72.1,20,   58.6,20, 1011.5, 6, 9999.9, 0,   8.6,20,   2.5,20,   8.0, 999.9,   80.6*,  60.8*, 0.00I,999.9, 000000,
765773,99999, 20170806,   68.2,22,   58.9,22, 1011.4, 8, 9999.9, 0,   7.0,22,   4.5,22,  22.9,  33.0,   80.6*,  59.0*,99.99 ,999.9, 010010,
765773,99999, 20170807,   69.3,20,   59.1,20, 1011.5, 7, 9999.9, 0,   7.7,20,   4.2,20,  20.0, 999.9,   80.6*,  59.0*,99.99 ,999.9, 010000,
765773,99999, 20170808,   70.0,18,   57.1,18, 1011.0, 6, 9999.9, 0,   8.4,18,   4.5,18,  13.0, 999.9,   80.6*,  59.0*,99.99 ,999.9, 010000,
765773,99999, 20170809,   71.2,21,   52.0,21, 1010.5, 7, 9999.9, 0,   8.9,21,   5.7,21,  14.0, 999.9,   80.6*,  57.2*, 0.00I,999.9, 000000,
765773,99999, 20170810,   68.1,21,   55.3,21, 1010.8, 8, 9999.9, 0,   8.8,21,   7.9,21,  17.1, 999.9,   75.2*,  66.2*,99.99 ,999.9, 010000,
765773,99999, 20170811,   71.3,22,   56.1,22, 1011.7, 7, 9999.9, 0,   9.0,22,   7.1,22,  15.0, 999.9,   82.4*,  62.6*, 0.00I,999.9, 000000,
765773,99999, 20170812,   71.6,21,   54.2,21, 1011.4, 7, 9999.9, 0,   9.2,21,   5.5,21,  11.1, 999.9,   80.6*,  59.0*, 0.00I,999.9, 000000,
765773,99999, 20170813,   70.6,22,   55.5,22, 1010.7, 7, 9999.9, 0,   8.6,22,   3.2,22,   8.9, 999.9,   80.6*,  60.8*, 0.00I,999.9, 000000,
765773,99999, 20170814,   69.9,21,   58.8,21, 1009.7, 8, 9999.9, 0,   8.5,21,   2.7,21,   7.0, 999.9,   78.8*,  60.8*,99.99 ,999.9, 010000,
765773,99999, 20170815,   68.6,16,   58.0,16, 1009.1, 4, 9999.9, 0,   7.7,16,   2.7,16,   7.0, 999.9,   82.4*,  57.2*, 0.00I,999.9, 000010,
765773,99999, 20170816,   67.2,21,   60.2,21, 1011.3, 8, 9999.9, 0,   7.2,21,   3.8,21,  15.0,  25.1,   78.8*,  59.0*,99.99 ,999.9, 010000,
765773,99999, 20170817,   67.7,21,   59.2,21, 1014.6, 7, 9999.9, 0,   8.7,21,   3.2,21,   8.9, 999.9,   75.2*,  60.8*,99.99 ,999.9, 010010,
765773,99999, 20170818,   67.3,22,   56.9,22, 1014.3, 8, 9999.9, 0,   8.9,22,   4.0,22,   7.0, 999.9,   78.8*,  59.0*,99.99 ,999.9, 010000,
765773,99999, 20170819,   68.0,22,   58.2,22, 1014.0, 6, 9999.9, 0,   8.2,22,   3.4,22,  12.0, 999.9,   78.8*,  59.0*,99.99 ,999.9, 010010,
765773,99999, 20170820,   70.7,21,   56.3,21, 1011.3, 7, 9999.9, 0,   8.6,21,   3.7,21,   8.0, 999.9,   82.4*,  57.2*, 0.00I,999.9, 000000,
765773,99999, 20170821,   71.2,21,   52.1,21, 1011.5, 7, 9999.9, 0,   8.6,21,   4.3,21,   8.0, 999.9,   82.4*,  57.2*, 0.00I,999.9, 000000,
765773,99999, 20170822,   69.5,21,   53.8,21, 1012.6, 7, 9999.9, 0,   8.9,21,   3.7,21,  12.0, 999.9,   80.6*,  55.4*, 0.00I,999.9, 000000,
765773,99999, 20170823,   69.8,21,   57.0,21, 1010.7, 6, 9999.9, 0,   8.9,21,   3.7,21,   8.0, 999.9,   78.8*,  59.0*, 0.00I,999.9, 000000,
765773,99999, 20170824,   69.4,21,   56.2,21, 1008.7, 7, 9999.9, 0,   8.6,21,   3.1,21,   9.9, 999.9,   78.8*,  59.0*, 0.00I,999.9, 000000,
765773,99999, 20170825,   69.5,22,   54.0,22, 1007.4, 7, 9999.9, 0,   9.1,22,   2.6,22,   8.0, 999.9,   80.6*,  59.0*, 0.00I,999.9, 000000,
765773,99999, 20170826,   69.3,21,   59.9,21, 1009.3, 5, 9999.9, 0,   8.6,21,   4.1,21,  12.0, 999.9,   77.0*,  62.6*,99.99 ,999.9, 010000,
765773,99999, 20170827,   70.8,21,   57.9,21, 1008.0, 7, 9999.9, 0,   8.6,21,   3.5,21,   7.0, 999.9,   82.4*,  57.2*, 0.00I,999.9, 000000,
765773,99999, 20170828,   70.4,21,   57.0,21, 1007.3, 8, 9999.9, 0,   8.8,21,   4.8,21,   9.9, 999.9,   82.4*,  57.2*,99.99 ,999.9, 010000,
765773,99999, 20170829,   69.5,21,   56.3,21, 1008.6, 6, 9999.9, 0,   8.8,21,   7.2,21,  15.9, 999.9,   77.0*,  62.6*,99.99 ,999.9, 010000,
765773,99999, 20170830,   63.2,22,   60.6,22, 1012.5, 8, 9999.9, 0,   6.5,22,   3.8,22,   9.9, 999.9,   66.2*,  60.8*,99.99 ,999.9, 010000,
765773,99999, 20170831,   63.1,22,   59.3,22, 1014.7, 8, 9999.9, 0,   6.4,22,   2.2,22,   6.0, 999.9,   69.8*,  59.0*,99.99 ,999.9, 010000,
765773,99999, 20170901,   66.4,22,   58.4,22, 1013.0, 7, 9999.9, 0,   8.3,22,   2.3,22,   7.0, 999.9,   73.4*,  60.8*, 0.00I,999.9, 000000,
765773,99999, 20170902,   69.0,21,   56.4,21, 1012.7, 7, 9999.9, 0,   9.0,21,   5.8,21,  12.0, 999.9,   75.2*,  60.8*, 0.00I,999.9, 000000,
765773,99999, 20170903,   67.7,21,   54.3,21, 1013.5, 7, 9999.9, 0,   9.0,21,   5.7,21,  19.0, 999.9,   75.2*,  55.4*, 0.00I,999.9, 000000,
765773,99999, 20170904,   69.2,21,   55.6,21, 1011.5, 6, 9999.9, 0,   9.2,21,   4.4,21,   9.9, 999.9,   75.2*,  62.6*, 0.00I,999.9, 000000,
765773,99999, 20170905,   63.9,21,   59.6,21, 1012.1, 8, 9999.9, 0,   7.4,21,   2.8,21,   9.9, 999.9,   75.2*,  59.0*,99.99 ,999.9, 010010,
765773,99999, 20170906,   64.7,21,   58.7,21, 1013.0, 7, 9999.9, 0,   8.1,21,   3.1,21,   8.0, 999.9,   71.6*,  60.8*,99.99 ,999.9, 010000,
765773,99999, 20170907,   66.2,22,   56.0,22, 1013.5, 8, 9999.9, 0,   9.1,22,   2.6,22,   7.0, 999.9,   75.2*,  59.0*, 0.00I,999.9, 000000,
765773,99999, 20170908,   65.6,21,   53.7,21, 1013.2, 7, 9999.9, 0,   8.5,21,   2.8,21,   9.9, 999.9,   78.8*,  53.6*, 0.00I,999.9, 000000,
765773,99999, 20170909,   67.0,22,   54.8,22, 1012.7, 7, 9999.9, 0,   9.2,22,   6.0,22,  14.0, 999.9,   75.2*,  59.0*, 0.00I,999.9, 000000,
765773,99999, 20170910,   66.3,23,   55.0,23, 1012.7, 7, 9999.9, 0,   9.0,23,   6.7,23,  14.0, 999.9,   75.2*,  55.4*, 0.00I,999.9, 000000,
765773,99999, 20170911,   65.5,20,   48.6,20, 1013.4, 7, 9999.9, 0,   9.1,20,   5.9,20,  13.0, 999.9,   78.8*,  51.8*, 0.00I,999.9, 000000,
765773,99999, 20170912,   64.9,21,   46.0,21, 1012.8, 7, 9999.9, 0,   8.4,21,   3.8,21,   8.0, 999.9,   78.8*,  46.4*, 0.00I,999.9, 000000,
765773,99999, 20170913,   66.8,20,   48.3,20, 1011.1, 6, 9999.9, 0,   8.5,20,   3.2,20,   7.0, 999.9,   80.6*,  50.0*, 0.00I,999.9, 000000,
765773,99999, 20170914,   68.8,19,   50.8,19, 1011.2, 7, 9999.9, 0,   8.6,19,   2.4,19,   8.9, 999.9,   80.6*,  51.8*, 0.00I,999.9, 000000,
765773,99999, 20170915,   66.4,22,   52.7,22, 1011.7, 8, 9999.9, 0,   7.5,22,   3.2,22,  15.9, 999.9,   80.6*,  51.8*, 0.00I,999.9, 000000,
765773,99999, 20170916,   67.9,22,   49.8,22, 1010.9, 6, 9999.9, 0,   8.4,22,   3.3,22,   9.9, 999.9,   82.4*,  51.8*, 0.00I,999.9, 000000,
765773,99999, 20170917,   71.6,21,   55.3,21, 1009.8, 7, 9999.9, 0,   8.2,21,   5.0,21,  28.9,  39.0,   82.4*,  59.0*,99.99 ,999.9, 010010,
765773,99999, 20170918,   69.5,20,   59.9,20, 1011.2, 7, 9999.9, 0,   7.6,20,   3.3,20,   9.9, 999.9,   82.4*,  60.8*,99.99 ,999.9, 010000,
765773,99999, 20170919,   69.1,22,   57.4,22, 1010.9, 8, 9999.9, 0,   8.6,22,   3.1,22,  13.0, 999.9,   82.4*,  57.2*,99.99 ,999.9, 010010,
765773,99999, 20170920,   70.1,22,   56.1,22, 1009.5, 7, 9999.9, 0,   8.5,22,   1.8,22,   6.0, 999.9,   84.2*,  59.0*, 0.00I,999.9, 000000,
765773,99999, 20170921,   71.6,21,   55.6,21, 1008.6, 7, 9999.9, 0,   8.6,21,   3.7,21,   8.0, 999.9,   82.4*,  62.6*, 0.00I,999.9, 000000,
765773,99999, 20170922,   69.3,18,   59.0,18, 1007.4, 7, 9999.9, 0,   8.7,18,   3.2,18,   8.9, 999.9,   82.4*,  62.6*,99.99 ,999.9, 010010,
765773,99999, 20170923,   66.9,21,   59.6,21, 1008.2, 7, 9999.9, 0,   8.2,21,   5.1,21,  11.1, 999.9,   77.0*,  60.8*,99.99 ,999.9, 010000,
765773,99999, 20170924,   68.3,21,   60.4,21, 1007.2, 7, 9999.9, 0,   8.5,21,   3.1,21,   8.9, 999.9,   77.0*,  62.6*, 0.00I,999.9, 000000,
765773,99999, 20170925,   67.8,20,   61.0,20, 1007.1, 7, 9999.9, 0,   7.2,20,   1.3,20,   8.0, 999.9,   77.0*,  60.8*,99.99 ,999.9, 010010,
765773,99999, 20170926,   66.7,17,   61.3,17, 1006.9, 6, 9999.9, 0,   6.3,17,   2.7,17,   8.0, 999.9,   75.2*,  60.8*,99.99 ,999.9, 010010,
765773,99999, 20170927,   70.0,20,   61.2,20, 1007.3, 7, 9999.9, 0,   7.8,20,   2.5,20,   8.9, 999.9,   80.6*,  60.8*,99.99 ,999.9, 010010,
765773,99999, 20170928,   70.3,21,   58.5,21, 1007.1, 7, 9999.9, 0,   9.2,21,   4.1,21,  11.1, 999.9,   77.0*,  62.6*, 0.00I,999.9, 000010,
765773,99999, 20170929,   67.6,20,   55.7,20, 1009.6, 7, 9999.9, 0,   8.9,20,   4.9,20,   8.0, 999.9,   75.2*,  60.8*, 0.00I,999.9, 000000,
765773,99999, 20170930,   68.5,20,   56.2,20, 1011.0, 7, 9999.9, 0,   9.3,20,   5.9,20,  13.0, 999.9,   73.4*,  59.0*, 0.00I,999.9, 000000,
765773,99999, 20171001,   67.9,21,   56.9,21, 1009.2, 7, 9999.9, 0,   9.0,21,   5.5,21,  13.0, 999.9,   77.0*,  60.8*, 0.00I,999.9, 000000,
765773,99999, 20171002,   68.0,22,   56.5,22, 1008.1, 7, 9999.9, 0,   9.1,22,   4.3,22,   8.0, 999.9,   77.0*,  59.0*, 0.00I,999.9, 000000,
765773,99999, 20171003,   66.0,21,   53.6,21, 1009.6, 7, 9999.9, 0,   9.1,21,   5.7,21,  12.0, 999.9,   71.6*,  55.4*, 0.00I,999.9, 000000,
765773,99999, 20171004,   69.0,22,   56.5,22, 1011.0, 7, 9999.9, 0,   9.2,22,   9.3,22,  15.9, 999.9,   75.2*,  62.6*, 0.00I,999.9, 000000,
765773,99999, 20171005,   67.8,22,   55.2,22, 1012.0, 8, 9999.9, 0,   9.2,22,   8.3,22,  15.0, 999.9,   77.0*,  59.0*, 0.00I,999.9, 000000,
765773,99999, 20171006,   69.2,21,   55.1,21, 1009.7, 7, 9999.9, 0,   9.2,21,   4.9,21,   9.9, 999.9,   80.6*,  60.8*, 0.00I,999.9, 000000,
765773,99999, 20171007,   65.4,20,   53.4,20, 1008.3, 7, 9999.9, 0,   9.1,20,   3.9,20,   8.0, 999.9,   78.8*,  53.6*, 0.00I,999.9, 000000,
765773,99999, 20171008,   67.3,19,   55.7,19, 1010.2, 7, 9999.9, 0,   8.5,19,   2.8,19,   8.9, 999.9,   77.0*,  59.0*, 0.00I,999.9, 000000,
765773,99999, 20171009,   65.5,22,   56.1,22, 1010.7, 8, 9999.9, 0,   8.5,22,   2.3,22,  11.1, 999.9,   77.0*,  55.4*, 0.00I,999.9, 000000,
765773,99999, 20171010,   68.8,19,   55.6,19, 1009.8, 6, 9999.9, 0,   9.2,19,   6.0,19,  15.0, 999.9,   78.8*,  59.0*, 0.00I,999.9, 000000,
765773,99999, 20171011,   67.7,19,   52.6,19, 1011.1, 6, 9999.9, 0,   9.2,19,   8.6,19,  15.9, 999.9,   75.2*,  60.8*, 0.00I,999.9, 000000,
765773,99999, 20171012,   65.8,22,   50.3,22, 1014.3, 8, 9999.9, 0,   9.1,22,   7.8,22,  13.0, 999.9,   75.2*,  57.2*, 0.00I,999.9, 000000,
765773,99999, 20171013,   65.9,21,   51.3,21, 1013.2, 6, 9999.9, 0,   9.0,21,   6.7,20,  12.0, 999.9,   73.4*,  57.2*, 0.00I,999.9, 000000,
765773,99999, 20171014,   67.2,18,   50.6,18, 1013.1, 6, 9999.9, 0,   9.3,18,   4.2,18,   9.9, 999.9,   78.8*,  53.6*, 0.00I,999.9, 000000,
765773,99999, 20171015,   69.0,20,   52.2,20, 1013.4, 7, 9999.9, 0,   9.1,20,   4.1,20,   8.9, 999.9,   80.6*,  53.6*, 0.00I,999.9, 000000,
765773,99999, 20171016,   66.0,21,   51.3,21, 1016.5, 7, 9999.9, 0,   9.2,21,   7.1,21,  14.0, 999.9,   73.4*,  51.8*, 0.00I,999.9, 000000,
765773,99999, 20171017,   64.4,21,   48.7,21, 1017.3, 7, 9999.9, 0,   9.1,21,   4.1,21,   8.0, 999.9,   77.0*,  48.2*, 0.00I,999.9, 000000,
765773,99999, 20171018,   65.2,21,   49.1,21, 1015.8, 7, 9999.9, 0,   9.1,21,   3.2,21,   8.9, 999.9,   78.8*,  50.0*, 0.00I,999.9, 000000,
765773,99999, 20171019,   68.7,19,   44.6,19, 1012.1, 5, 9999.9, 0,   9.2,19,   3.0,19,   8.0, 999.9,   80.6*,  51.8*, 0.00I,999.9, 000000,
765773,99999, 20171020,   68.0,22,   48.5,22, 1012.1, 7, 9999.9, 0,   8.9,22,   2.2,22,   6.0, 999.9,   82.4*,  53.6*, 0.00I,999.9, 000000,
765773,99999, 20171021,   68.7,22,   51.5,22, 1010.3, 8, 9999.9, 0,   8.0,22,   3.2,22,   7.0, 999.9,   82.4*,  53.6*, 0.00I,999.9, 000000,
765773,99999, 20171022,   68.5,20,   46.8,20, 1013.3, 6, 9999.9, 0,   8.7,20,   3.5,20,  13.0, 999.9,   84.2*,  50.0*, 0.00I,999.9, 000000,
765773,99999, 20171023,   66.7,21,   49.9,21, 1015.6, 7, 9999.9, 0,   8.8,21,   7.2,21,  15.0,  22.0,   75.2*,  53.6*, 0.00I,999.9, 000000,
765773,99999, 20171024,   63.7,20,   48.8,20, 1018.0, 6, 9999.9, 0,   9.1,20,   8.5,20,  19.0, 999.9,   73.4*,  46.4*, 0.00I,999.9, 000000,
765773,99999, 20171025,   61.8,21,   44.7,21, 1018.3, 7, 9999.9, 0,   9.1,21,   8.9,21,  19.0, 999.9,   69.8*,  51.8*, 0.00I,999.9, 000000,
765773,99999, 20171026,   58.1,21,   39.4,21, 1016.8, 7, 9999.9, 0,   9.1,21,   4.2,21,  14.0, 999.9,   75.2*,  42.8*, 0.00I,999.9, 000000,
765773,99999, 20171027,   61.8,21,   38.9,21, 1011.8, 7, 9999.9, 0,   9.0,21,   1.9,21,   6.0, 999.9,   80.6*,  42.8*, 0.00I,999.9, 000000,
765773,99999, 20171028,   64.6,20,   42.0,20, 1010.8, 6, 9999.9, 0,   9.1,20,   5.3,20,   8.9, 999.9,   78.8*,  51.8*, 0.00I,999.9, 000000,
765773,99999, 20171029,   63.9,22,   46.5,21, 1012.1, 8, 9999.9, 0,   8.5,22,   2.6,21,   7.0, 999.9,   77.0*,  48.2*, 0.00I,999.9, 000000,
765773,99999, 20171030,   63.1,22,   50.5,22, 1013.0, 5, 9999.9, 0,   7.6,22,   1.9,22,   5.1, 999.9,   73.4*,  51.8*, 0.00I,999.9, 000000,
765773,99999, 20171031,   64.7,21,   51.7,21, 1012.5, 7, 9999.9, 0,   8.0,21,   2.3,21,   8.9, 999.9,   78.8*,  53.6*, 0.00I,999.9, 000000,
765773,99999, 20171101,   66.7,20,   52.6,20, 1012.5, 6, 9999.9, 0,   8.9,19,   1.8,20,   7.0, 999.9,   80.6*,  55.4*, 0.00I,999.9, 000000,
765773,99999, 20171102,   66.2,21,   51.9,20, 1013.6, 8, 9999.9, 0,   8.3,21,   2.1,21,   6.0, 999.9,   82.4*,  51.8*, 0.00I,999.9, 000000,
765773,99999, 20171103,   71.2,21,   50.8,20, 1013.0, 6, 9999.9, 0,   8.7,21,   2.5,21,  11.1, 999.9,   86.0*,  57.2*, 0.00I,999.9, 000000,
765773,99999, 20171104,   70.0,20,   43.6,20, 1013.6, 6, 9999.9, 0,   9.1,20,   4.4,20,   8.9, 999.9,   84.2*,  53.6*, 0.00I,999.9, 000000,
765773,99999, 20171105,   67.2,19,   38.0,19, 1012.8, 6, 9999.9, 0,   9.2,19,   3.2,19,   8.0, 999.9,   84.2*,  48.2*, 0.00I,999.9, 000000,
765773,99999, 20171106,   66.1,21,   31.6,21, 1013.9, 7, 9999.9, 0,   9.0,21,   4.1,21,   9.9, 999.9,   84.2*,  42.8*, 0.00I,999.9, 000000,
765773,99999, 20171107,   66.6,20,   24.6,20, 1014.6, 6, 9999.9, 0,   9.2,20,   2.8,20,   8.9, 999.9,   86.0*,  41.0*, 0.00I,999.9, 000000,
765773,99999, 20171108,   66.4,22,   28.2,22, 1011.8, 8, 9999.9, 0,   9.0,22,   2.9,22,   9.9, 999.9,   86.0*,  44.6*, 0.00I,999.9, 000000,
765773,99999, 20171109,   65.9,20,   38.7,20, 1012.6, 6, 9999.9, 0,   9.2,20,   5.4,20,   9.9, 999.9,   78.8*,  50.0*, 0.00I,999.9, 000000,
765773,99999, 20171110,   64.7,21,   46.6,21, 1013.4, 7, 9999.9, 0,   8.7,21,   3.3,21,   8.9, 999.9,   78.8*,  51.8*, 0.00I,999.9, 000000,
765773,99999, 20171111,   65.8,21,   43.2,21, 1013.6, 7, 9999.9, 0,   9.1,21,   4.2,21,  12.0, 999.9,   78.8*,  48.2*, 0.00I,999.9, 000000,
765773,99999, 20171112,   64.8,20,   44.7,20, 1014.2, 7, 9999.9, 0,   9.2,20,   6.0,20,  14.0, 999.9,   80.6*,  46.4*, 0.00I,999.9, 000000,
765773,99999, 20171113,   65.8,20,   45.8,20, 1016.2, 7, 9999.9, 0,   9.2,20,   6.3,20,  15.0,  20.0,   77.0*,  51.8*, 0.00I,999.9, 000000,
765773,99999, 20171114,   62.5,22,   45.2,22, 1016.5, 8, 9999.9, 0,   9.1,22,   4.7,22,  13.0, 999.9,   77.0*,  48.2*, 0.00I,999.9, 000000,
765773,99999, 20171115,   63.0,20,   41.6,20, 1013.9, 7, 9999.9, 0,   9.3,20,   4.6,20,  15.9, 999.9,   78.8*,  44.6*, 0.00I,999.9, 000000,
765773,99999, 20171116,   65.8,22,   32.1,22, 1015.6, 8, 9999.9, 0,   9.1,22,   4.0,22,  12.0, 999.9,   80.6*,  46.4*, 0.00I,999.9, 000000,
765773,99999, 20171117,   63.0,22,   30.0,22, 1014.3, 8, 9999.9, 0,   9.2,22,   3.7,22,  12.0, 999.9,   82.4*,  42.8*, 0.00I,999.9, 000000,
765773,99999, 20171118,   63.2,20,   28.9,20, 1013.4, 6, 9999.9, 0,   9.1,20,   3.2,20,   8.0, 999.9,   82.4*,  42.8*, 0.00I,999.9, 000000,
765773,99999, 20171119,   66.3,20,   39.3,20, 1012.2, 8, 9999.9, 0,   8.9,20,   4.2,20,  12.0, 999.9,   77.0*,  53.6*, 0.00I,999.9, 000000,
765773,99999, 20171120,   61.7,21,   44.0,21, 1014.6, 7, 9999.9, 0,   9.1,21,   3.9,21,  12.0, 999.9,   77.0*,  44.6*, 0.00I,999.9, 000000,
765773,99999, 20171121,   61.5,18,   39.0,18, 1013.7, 5, 9999.9, 0,   8.9,18,   2.2,18,   8.9, 999.9,   77.0*,  44.6*, 0.00I,999.9, 000000,
765773,99999, 20171122,   60.8,21,   37.4,21, 1014.6, 7, 9999.9, 0,   9.0,21,   4.0,21,  11.1, 999.9,   73.4*,  41.0*, 0.00I,999.9, 000000,
765773,99999, 20171123,   58.8,20,   32.4,20, 1015.9, 7, 9999.9, 0,   9.0,20,   4.3,20,   8.9, 999.9,   71.6*,  42.8*, 0.00I,999.9, 000000,
765773,99999, 20171124,   57.0,20,   28.5,20, 1015.4, 7, 9999.9, 0,   8.8,20,   3.4,20,  11.1, 999.9,   71.6*,  37.4*, 0.00I,999.9, 000000,
765773,99999, 20171125,   57.8,21,   28.3,21, 1015.9, 7, 9999.9, 0,   9.0,21,   2.3,21,   8.9, 999.9,   75.2*,  39.2*, 0.00I,999.9, 000000,
765773,99999, 20171126,   64.4,14,   28.1,14, 1016.6, 5, 9999.9, 0,   9.3,14,   4.8,14,   9.9, 999.9,   77.0*,  51.8*, 0.00I,999.9, 000000,
765773,99999, 20171127,   58.6,21,   34.2,21, 1017.3, 7, 9999.9, 0,   9.1,21,   4.1,21,   8.0, 999.9,   75.2*,  42.8*, 0.00I,999.9, 000000,
765773,99999, 20171128,   60.2,20,   34.6,20, 1015.1, 7, 9999.9, 0,   9.6,20,   2.5,20,   8.0, 999.9,   77.0*,  37.4*, 0.00I,999.9, 000000,
765773,99999, 20171129,   61.2,21,   30.5,21, 1015.9, 7, 9999.9, 0,   9.0,21,   3.4,21,   9.9, 999.9,   78.8*,  37.4*, 0.00I,999.9, 000000,
765773,99999, 20171130,   61.1,20,   34.8,20, 1017.2, 7, 9999.9, 0,   9.0,20,   6.1,20,  12.0, 999.9,   77.0*,  46.4*, 0.00I,999.9, 000000,
765773,99999, 20171201,   58.1,21,   29.8,21, 1017.8, 7, 9999.9, 0,   9.3,21,   5.3,21,  11.1, 999.9,   71.6*,  37.4*, 0.00I,999.9, 000000,
765773,99999, 20171202,   57.8,20,   34.2,20, 1017.3, 5, 9999.9, 0,   9.1,20,   3.5,20,   8.0, 999.9,   73.4*,  41.0*, 0.00I,999.9, 000000,
765773,99999, 20171203,   59.8,21,   40.0,21, 1014.8, 7, 9999.9, 0,   9.0,21,   3.9,21,   9.9, 999.9,   73.4*,  44.6*, 0.00I,999.9, 000000,
765773,99999, 20171204,   60.0,21,   39.6,21, 1014.8, 7, 9999.9, 0,   9.0,21,   2.1,21,   7.0, 999.9,   77.0*,  44.6*, 0.00I,999.9, 000000,
765773,99999, 20171205,   60.0,21,   41.5,21, 1015.6, 7, 9999.9, 0,   7.6,21,   1.9,21,   7.0, 999.9,   78.8*,  44.6*, 0.00I,999.9, 000000,
765773,99999, 20171206,   64.7,21,   42.4,21, 1012.9, 5, 9999.9, 0,   8.4,21,   2.9,21,   7.0, 999.9,   78.8*,  51.8*, 0.00I,999.9, 000000,
765773,99999, 20171207,   60.3,22,   40.4,22, 1013.4, 8, 9999.9, 0,   8.0,22,   3.5,22,  17.1, 999.9,   75.2*,  44.6*, 0.00I,999.9, 000000,
765773,99999, 20171208,   60.9,21,   39.9,21, 1010.6, 7, 9999.9, 0,   9.0,21,   8.4,21,  18.1, 999.9,   73.4*,  42.8*, 0.00I,999.9, 000000,
765773,99999, 20171209,   52.1,19,   17.7,19, 1020.7, 7, 9999.9, 0,   8.9,19,   6.5,19,  18.1, 999.9,   69.8*,  41.0*, 0.00I,999.9, 000000,
765773,99999, 20171210,   52.8,22,   13.3,22, 1024.0, 7, 9999.9, 0,   8.9,22,   6.4,22,  11.1, 999.9,   68.0*,  35.6*, 0.00I,999.9, 000000,
765773,99999, 20171211,   51.1,22,   16.4,20, 1021.8, 8, 9999.9, 0,   9.0,22,   4.4,22,  11.1, 999.9,   68.0*,  35.6*, 0.00I,999.9, 000000,
765773,99999, 20171212,   56.7,20,   18.3,20, 1019.0, 7, 9999.9, 0,   9.0,20,   2.6,20,   9.9, 999.9,   73.4*,  35.6*, 0.00I,999.9, 000000,
765773,99999, 20171213,   54.6,19,   23.4,19, 1018.7, 7, 9999.9, 0,   8.9,19,   3.3,19,  12.0, 999.9,   71.6*,  37.4*, 0.00I,999.9, 000000,
765773,99999, 20171214,   56.3,21,   31.3,21, 1017.2, 6, 9999.9, 0,   7.5,21,   2.4,21,   8.0, 999.9,   73.4*,  41.0*, 0.00I,999.9, 000000,
765773,99999, 20171215,   60.2,18,   41.0,18, 1012.7, 6, 9999.9, 0,   8.2,17,   2.7,17,   8.9, 999.9,   73.4*,  44.6*, 0.00I,999.9, 000000,
765773,99999, 20171216,   60.9,18,   44.6,18, 1013.3, 7, 9999.9, 0,   8.6,17,   4.6,18,  17.1, 999.9,   69.8*,  48.2*, 0.00I,999.9, 000000,
765773,99999, 20171217,   59.6,20,   47.2,20, 1017.2, 7, 9999.9, 0,   8.7,20,   1.5,20,   8.0, 999.9,   71.6*,  46.4*, 0.00I,999.9, 000000,
765773,99999, 20171218,   62.0,20,   44.9,20, 1016.0, 5, 9999.9, 0,   9.0,20,   3.0,20,   8.0, 999.9,   75.2*,  48.2*, 0.00I,999.9, 000000,
765773,99999, 20171219,   60.5,21,   45.1,21, 1018.1, 7, 9999.9, 0,   7.9,21,   2.1,21,   8.9, 999.9,   78.8*,  46.4*, 0.00I,999.9, 000000,
765773,99999, 20171220,   59.7,17,   42.9,17, 1019.3, 4, 9999.9, 0,   8.1,17,   2.2,17,  11.1, 999.9,   77.0*,  44.6*, 0.00I,999.9, 000000,
765773,99999, 20171221,   61.5,19,   39.1,19, 1015.4, 7, 9999.9, 0,   7.9,19,   2.3,19,   8.0, 999.9,   77.0*,  44.6*, 0.00I,999.9, 000000,
765773,99999, 20171222,   59.4,19,   39.6,19, 1014.9, 6, 9999.9, 0,   8.6,19,   2.1,19,   8.0, 999.9,   71.6*,  46.4*, 0.00I,999.9, 000000,
765773,99999, 20171223,   62.1,20,   40.6,20, 1017.1, 7, 9999.9, 0,   8.7,20,   4.0,20,  12.0, 999.9,   77.0*,  44.6*, 0.00I,999.9, 000000,
765773,99999, 20171224,   61.7,21,   43.7,21, 1017.9, 6, 9999.9, 0,   8.7,21,   2.8,21,  13.0, 999.9,   78.8*,  42.8*, 0.00I,999.9, 000000,
765773,99999, 20171225,   63.5,21,   36.5,21, 1017.2, 7, 9999.9, 0,   8.8,21,   5.7,21,  18.1, 999.9,   77.0*,  50.0*, 0.00I,999.9, 000000,
765773,99999, 20171226,   60.7,21,   34.3,21, 1017.1, 8, 9999.9, 0,   8.9,21,   3.5,21,   8.9, 999.9,   77.0*,  41.0*, 0.00I,999.9, 000000,
765773,99999, 20171227,   60.0,21,   33.6,21, 1018.3, 7, 9999.9, 0,   8.8,21,   1.4,21,   7.0, 999.9,   77.0*,  37.4*, 0.00I,999.9, 000000,
765773,99999, 20171228,   59.9,20,   39.5,20, 1018.0, 6, 9999.9, 0,   8.7,20,   3.8,20,   8.9, 999.9,   73.4*,  44.6*, 0.00I,999.9, 000000,
765773,99999, 20171229,   60.3,20,   39.1,20, 1018.1, 8, 9999.9, 0,   8.9,20,   4.0,20,  11.1, 999.9,   75.2*,  42.8*, 0.00I,999.9, 000000,
765773,99999, 20171230,   59.6,21,   37.5,21, 1018.6, 5, 9999.9, 0,   9.0,21,   3.5,21,   8.0, 999.9,   73.4*,  42.8*, 0.00I,999.9, 000000,
765773,99999, 20171231,   60.2,19,   32.9,19, 1018.2, 6, 9999.9, 0,   9.1,19,   2.0,19,   8.0, 999.9,   75.2*,  42.8*, 0.00I,999.9, 000000,
